"Row Order","Survey","Survey Year","Area","Table Description","Tenure Filter","Geography Filter","Characteristics","Age of Householder: Total|Race of Householder: Total|Metric: Estimate","Age of Householder: Total|Race of Householder: White alone|Metric: Estimate","Age of Householder: Total|Race of Householder: Black alone|Metric: Estimate","Age of Householder: Total|Race of Householder: American Indian or Alaska Native alone|Metric: Estimate","Age of Householder: Total|Race of Householder: Asian alone|Metric: Estimate","Age of Householder: Total|Race of Householder: Pacific Islander alone|Metric: Estimate","Age of Householder: Total|Race of Householder: Two or more races|Metric: Estimate","Age of Householder: Under 25 years old|Race of Householder: Total|Metric: Estimate","Age of Householder: Under 25 years old|Race of Householder: White alone|Metric: Estimate","Age of Householder: Under 25 years old|Race of Householder: Black alone|Metric: Estimate","Age of Householder: Under 25 years old|Race of Householder: American Indian or Alaska Native alone|Metric: Estimate","Age of Householder: Under 25 years old|Race of Householder: Asian alone|Metric: Estimate","Age of Householder: Under 25 years old|Race of Householder: Pacific Islander alone|Metric: Estimate","Age of Householder: Under 25 years old|Race of Householder: Two or more races|Metric: Estimate","Age of Householder: 25 to 29 years old|Race of Householder: Total|Metric: Estimate","Age of Householder: 25 to 29 years old|Race of Householder: White alone|Metric: Estimate","Age of Householder: 25 to 29 years old|Race of Householder: Black alone|Metric: Estimate","Age of Householder: 25 to 29 years old|Race of Householder: American Indian or Alaska Native alone|Metric: Estimate","Age of Householder: 25 to 29 years old|Race of Householder: Asian alone|Metric: Estimate","Age of Householder: 25 to 29 years old|Race of Householder: Pacific Islander alone|Metric: Estimate","Age of Householder: 25 to 29 years old|Race of Householder: Two or more races|Metric: Estimate","Age of Householder: 30 to 34 years old|Race of Householder: Total|Metric: Estimate","Age of Householder: 30 to 34 years old|Race of Householder: White alone|Metric: Estimate","Age of Householder: 30 to 34 years old|Race of Householder: Black alone|Metric: Estimate","Age of Householder: 30 to 34 years old|Race of Householder: American Indian or Alaska Native alone|Metric: Estimate","Age of Householder: 30 to 34 years old|Race of Householder: Asian alone|Metric: Estimate","Age of Householder: 30 to 34 years old|Race of Householder: Pacific Islander alone|Metric: Estimate","Age of Householder: 30 to 34 years old|Race of Householder: Two or more races|Metric: Estimate","Age of Householder: 35 to 44 years old|Race of Householder: Total|Metric: Estimate","Age of Householder: 35 to 44 years old|Race of Householder: White alone|Metric: Estimate","Age of Householder: 35 to 44 years old|Race of Householder: Black alone|Metric: Estimate","Age of Householder: 35 to 44 years old|Race of Householder: American Indian or Alaska Native alone|Metric: Estimate","Age of Householder: 35 to 44 years old|Race of Householder: Asian alone|Metric: Estimate","Age of Householder: 35 to 44 years old|Race of Householder: Pacific Islander alone|Metric: Estimate","Age of Householder: 35 to 44 years old|Race of Householder: Two or more races|Metric: Estimate","Age of Householder: 45 to 54 years old|Race of Householder: Total|Metric: Estimate","Age of Householder: 45 to 54 years old|Race of Householder: White alone|Metric: Estimate","Age of Householder: 45 to 54 years old|Race of Householder: Black alone|Metric: Estimate","Age of Householder: 45 to 54 years old|Race of Householder: American Indian or Alaska Native alone|Metric: Estimate","Age of Householder: 45 to 54 years old|Race of Householder: Asian alone|Metric: Estimate","Age of Householder: 45 to 54 years old|Race of Householder: Pacific Islander alone|Metric: Estimate","Age of Householder: 45 to 54 years old|Race of Householder: Two or more races|Metric: Estimate","Age of Householder: 55 to 64 years old|Race of Householder: Total|Metric: Estimate","Age of Householder: 55 to 64 years old|Race of Householder: White alone|Metric: Estimate","Age of Householder: 55 to 64 years old|Race of Householder: Black alone|Metric: Estimate","Age of Householder: 55 to 64 years old|Race of Householder: American Indian or Alaska Native alone|Metric: Estimate","Age of Householder: 55 to 64 years old|Race of Householder: Asian alone|Metric: Estimate","Age of Householder: 55 to 64 years old|Race of Householder: Pacific Islander alone|Metric: Estimate","Age of Householder: 55 to 64 years old|Race of Householder: Two or more races|Metric: Estimate","Age of Householder: 65 to 74 years old|Race of Householder: Total|Metric: Estimate","Age of Householder: 65 to 74 years old|Race of Householder: White alone|Metric: Estimate","Age of Householder: 65 to 74 years old|Race of Householder: Black alone|Metric: Estimate","Age of Householder: 65 to 74 years old|Race of Householder: American Indian or Alaska Native alone|Metric: Estimate","Age of Householder: 65 to 74 years old|Race of Householder: Asian alone|Metric: Estimate","Age of Householder: 65 to 74 years old|Race of Householder: Pacific Islander alone|Metric: Estimate","Age of Householder: 65 to 74 years old|Race of Householder: Two or more races|Metric: Estimate","Age of Householder: 75 years old and over|Race of Householder: Total|Metric: Estimate","Age of Householder: 75 years old and over|Race of Householder: White alone|Metric: Estimate","Age of Householder: 75 years old and over|Race of Householder: Black alone|Metric: Estimate","Age of Householder: 75 years old and over|Race of Householder: American Indian or Alaska Native alone|Metric: Estimate","Age of Householder: 75 years old and over|Race of Householder: Asian alone|Metric: Estimate","Age of Householder: 75 years old and over|Race of Householder: Pacific Islander alone|Metric: Estimate","Age of Householder: 75 years old and over|Race of Householder: Two or more races|Metric: Estimate"
1,"AHS",2017,"California","Housing Costs - All Occupied Units","NONE","NONE","Total",13176.8,9889.7,907.1,201.2,1832.9,104.0,241.8,363.9,246.5,34.3,"S",53.6,"S","S",820.5,582.6,55.4,"S",122.0,"S","S",1169.4,874.5,73.8,"S",168.9,"S","S",2461.0,1801.2,145.0,28.8,422.6,"S",44.1,2782.1,2055.9,208.6,43.5,384.7,27.5,62.0,2524.8,1908.2,191.7,47.2,339.4,"S","S",1798.2,1382.4,133.1,"S",209.9,"S",35.4,1256.9,1038.5,65.1,"S",131.7,"S","S"
2,"AHS",2017,"California","Housing Costs - All Occupied Units","NONE","NONE","",,,,,,,,,,,,,,,,,,,,,,,,,,,,,,,,,,,,,,,,,,,,,,,,,,,,,,,,,,,,,,,
3,"AHS",2017,"California","Housing Costs - All Occupied Units","NONE","NONE","Monthly Total Housing Costs",,,,,,,,,,,,,,,,,,,,,,,,,,,,,,,,,,,,,,,,,,,,,,,,,,,,,,,,,,,,,,,
4,"AHS",2017,"California","Housing Costs - All Occupied Units","NONE","NONE",,,,,,,,,,,,,,,,,,,,,,,,,,,,,,,,,,,,,,,,,,,,,,,,,,,,,,,,,,,,,,,,
5,"AHS",2017,"California","Housing Costs - All Occupied Units","NONE","NONE","Less than $100",49.3,"S","S","S","S","S","S","S","S","S","S","S","S","S","S","S","S","S","S","S","S","S","S","S","S","S","S","S","S","S","S","S","S","S","S","S","S","S","S","S","S","S","S","S","S","S","S","S","S","S","S","S","S","S","S","S","S","S","S","S","S","S","S"
6,"AHS",2017,"California","Housing Costs - All Occupied Units","NONE","NONE","$100 to $199",135.4,"S","S","S","S","S","S","S","S","S","S","S","S","S","S","S","S","S","S","S","S","S","S","S","S","S","S","S","S","S","S","S","S","S","S","S","S","S","S","S","S","S","S","S","S","S","S","S","S","S","S","S","S","S","S","S","S","S","S","S","S","S","S"
7,"AHS",2017,"California","Housing Costs - All Occupied Units","NONE","NONE","$200 to $249",103.4,"S","S","S","S","S","S","S","S","S","S","S","S","S","S","S","S","S","S","S","S","S","S","S","S","S","S","S","S","S","S","S","S","S","S","S","S","S","S","S","S","S","S","S","S","S","S","S","S","S","S","S","S","S","S","S","S","S","S","S","S","S","S"
8,"AHS",2017,"California","Housing Costs - All Occupied Units","NONE","NONE","$250 to $299",146.9,"S","S","S","S","S","S","S","S","S","S","S","S","S","S","S","S","S","S","S","S","S","S","S","S","S","S","S","S","S","S","S","S","S","S","S","S","S","S","S","S","S","S","S","S","S","S","S","S","S","S","S","S","S","S","S","S","S","S","S","S","S","S"
9,"AHS",2017,"California","Housing Costs - All Occupied Units","NONE","NONE","$300 to $349",172.7,"S","S","S","S","S","S","S","S","S","S","S","S","S","S","S","S","S","S","S","S","S","S","S","S","S","S","S","S","S","S","S","S","S","S","S","S","S","S","S","S","S","S","S","S","S","S","S","S","S","S","S","S","S","S","S","S","S","S","S","S","S","S"
10,"AHS",2017,"California","Housing Costs - All Occupied Units","NONE","NONE","$350 to $399",170.0,"S","S","S","S","S","S","S","S","S","S","S","S","S","S","S","S","S","S","S","S","S","S","S","S","S","S","S","S","S","S","S","S","S","S","S","S","S","S","S","S","S","S","S","S","S","S","S","S","S","S","S","S","S","S","S","S","S","S","S","S","S","S"
11,"AHS",2017,"California","Housing Costs - All Occupied Units","NONE","NONE","$400 to $449",179.9,"S","S","S","S","S","S","S","S","S","S","S","S","S","S","S","S","S","S","S","S","S","S","S","S","S","S","S","S","S","S","S","S","S","S","S","S","S","S","S","S","S","S","S","S","S","S","S","S","S","S","S","S","S","S","S","S","S","S","S","S","S","S"
12,"AHS",2017,"California","Housing Costs - All Occupied Units","NONE","NONE","$450 to $499",178.3,"S","S","S","S","S","S","S","S","S","S","S","S","S","S","S","S","S","S","S","S","S","S","S","S","S","S","S","S","S","S","S","S","S","S","S","S","S","S","S","S","S","S","S","S","S","S","S","S","S","S","S","S","S","S","S","S","S","S","S","S","S","S"
13,"AHS",2017,"California","Housing Costs - All Occupied Units","NONE","NONE","$500 to $599",392.9,"S","S","S","S","S","S","S","S","S","S","S","S","S","S","S","S","S","S","S","S","S","S","S","S","S","S","S","S","S","S","S","S","S","S","S","S","S","S","S","S","S","S","S","S","S","S","S","S","S","S","S","S","S","S","S","S","S","S","S","S","S","S"
14,"AHS",2017,"California","Housing Costs - All Occupied Units","NONE","NONE","$600 to $699",488.9,"S","S","S","S","S","S","S","S","S","S","S","S","S","S","S","S","S","S","S","S","S","S","S","S","S","S","S","S","S","S","S","S","S","S","S","S","S","S","S","S","S","S","S","S","S","S","S","S","S","S","S","S","S","S","S","S","S","S","S","S","S","S"
15,"AHS",2017,"California","Housing Costs - All Occupied Units","NONE","NONE","$700 to $799",534.2,"S","S","S","S","S","S","S","S","S","S","S","S","S","S","S","S","S","S","S","S","S","S","S","S","S","S","S","S","S","S","S","S","S","S","S","S","S","S","S","S","S","S","S","S","S","S","S","S","S","S","S","S","S","S","S","S","S","S","S","S","S","S"
16,"AHS",2017,"California","Housing Costs - All Occupied Units","NONE","NONE","$800 to $999",1123.3,"S","S","S","S","S","S","S","S","S","S","S","S","S","S","S","S","S","S","S","S","S","S","S","S","S","S","S","S","S","S","S","S","S","S","S","S","S","S","S","S","S","S","S","S","S","S","S","S","S","S","S","S","S","S","S","S","S","S","S","S","S","S"
17,"AHS",2017,"California","Housing Costs - All Occupied Units","NONE","NONE","$1,000 to $1,249",1340.5,"S","S","S","S","S","S","S","S","S","S","S","S","S","S","S","S","S","S","S","S","S","S","S","S","S","S","S","S","S","S","S","S","S","S","S","S","S","S","S","S","S","S","S","S","S","S","S","S","S","S","S","S","S","S","S","S","S","S","S","S","S","S"
18,"AHS",2017,"California","Housing Costs - All Occupied Units","NONE","NONE","$1,250 to $1,499",1308.0,"S","S","S","S","S","S","S","S","S","S","S","S","S","S","S","S","S","S","S","S","S","S","S","S","S","S","S","S","S","S","S","S","S","S","S","S","S","S","S","S","S","S","S","S","S","S","S","S","S","S","S","S","S","S","S","S","S","S","S","S","S","S"
19,"AHS",2017,"California","Housing Costs - All Occupied Units","NONE","NONE","$1,500 to $1,999",2192.8,"S","S","S","S","S","S","S","S","S","S","S","S","S","S","S","S","S","S","S","S","S","S","S","S","S","S","S","S","S","S","S","S","S","S","S","S","S","S","S","S","S","S","S","S","S","S","S","S","S","S","S","S","S","S","S","S","S","S","S","S","S","S"
20,"AHS",2017,"California","Housing Costs - All Occupied Units","NONE","NONE","$2,000 to $2,499",1531.5,"S","S","S","S","S","S","S","S","S","S","S","S","S","S","S","S","S","S","S","S","S","S","S","S","S","S","S","S","S","S","S","S","S","S","S","S","S","S","S","S","S","S","S","S","S","S","S","S","S","S","S","S","S","S","S","S","S","S","S","S","S","S"
21,"AHS",2017,"California","Housing Costs - All Occupied Units","NONE","NONE","$2,500 or more",3002.7,"S","S","S","S","S","S","S","S","S","S","S","S","S","S","S","S","S","S","S","S","S","S","S","S","S","S","S","S","S","S","S","S","S","S","S","S","S","S","S","S","S","S","S","S","S","S","S","S","S","S","S","S","S","S","S","S","S","S","S","S","S","S"
22,"AHS",2017,"California","Housing Costs - All Occupied Units","NONE","NONE","No cash rent",126.1,"S","S","S","S","S","S","S","S","S","S","S","S","S","S","S","S","S","S","S","S","S","S","S","S","S","S","S","S","S","S","S","S","S","S","S","S","S","S","S","S","S","S","S","S","S","S","S","S","S","S","S","S","S","S","S","S","S","S","S","S","S","S"
23,"AHS",2017,"California","Housing Costs - All Occupied Units","NONE","NONE","Median (excludes no cash rent) (dollars)",1535.0,1523.0,1335.0,1230.0,1877.0,1726.0,1578.0,1513.0,1464.0,"S","S","S","S","S",1586.0,1572.0,1525.0,1451.0,1963.0,"S","S",1829.0,1771.0,1398.0,"S",2149.0,"S","S",1800.0,1763.0,1255.0,1102.0,2277.0,1800.0,1579.0,1720.0,1660.0,1523.0,1571.0,2251.0,1984.0,1647.0,1525.0,1533.0,1348.0,800.0,1717.0,"S","S",1273.0,1308.0,951.0,"S",1178.0,"S",1578.0,885.0,901.0,940.0,"S",769.0,"S","S"
24,"AHS",2017,"California","Housing Costs - All Occupied Units","NONE","NONE",,,,,,,,,,,,,,,,,,,,,,,,,,,,,,,,,,,,,,,,,,,,,,,,,,,,,,,,,,,,,,,,
25,"AHS",2017,"California","Housing Costs - All Occupied Units","NONE","NONE","Monthly Total Housing Costs as Percent of Household Income",,,,,,,,,,,,,,,,,,,,,,,,,,,,,,,,,,,,,,,,,,,,,,,,,,,,,,,,,,,,,,,
26,"AHS",2017,"California","Housing Costs - All Occupied Units","NONE","NONE",,,,,,,,,,,,,,,,,,,,,,,,,,,,,,,,,,,,,,,,,,,,,,,,,,,,,,,,,,,,,,,,
27,"AHS",2017,"California","Housing Costs - All Occupied Units","NONE","NONE","Less than 5 percent",373.2,"S","S","S","S","S","S","S","S","S","S","S","S","S","S","S","S","S","S","S","S","S","S","S","S","S","S","S","S","S","S","S","S","S","S","S","S","S","S","S","S","S","S","S","S","S","S","S","S","S","S","S","S","S","S","S","S","S","S","S","S","S","S"
28,"AHS",2017,"California","Housing Costs - All Occupied Units","NONE","NONE","5 to 9 percent",1070.9,"S","S","S","S","S","S","S","S","S","S","S","S","S","S","S","S","S","S","S","S","S","S","S","S","S","S","S","S","S","S","S","S","S","S","S","S","S","S","S","S","S","S","S","S","S","S","S","S","S","S","S","S","S","S","S","S","S","S","S","S","S","S"
29,"AHS",2017,"California","Housing Costs - All Occupied Units","NONE","NONE","10 to 14 percent",1237.3,"S","S","S","S","S","S","S","S","S","S","S","S","S","S","S","S","S","S","S","S","S","S","S","S","S","S","S","S","S","S","S","S","S","S","S","S","S","S","S","S","S","S","S","S","S","S","S","S","S","S","S","S","S","S","S","S","S","S","S","S","S","S"
30,"AHS",2017,"California","Housing Costs - All Occupied Units","NONE","NONE","15 to 19 percent",1574.1,"S","S","S","S","S","S","S","S","S","S","S","S","S","S","S","S","S","S","S","S","S","S","S","S","S","S","S","S","S","S","S","S","S","S","S","S","S","S","S","S","S","S","S","S","S","S","S","S","S","S","S","S","S","S","S","S","S","S","S","S","S","S"
31,"AHS",2017,"California","Housing Costs - All Occupied Units","NONE","NONE","20 to 24 percent",1476.1,"S","S","S","S","S","S","S","S","S","S","S","S","S","S","S","S","S","S","S","S","S","S","S","S","S","S","S","S","S","S","S","S","S","S","S","S","S","S","S","S","S","S","S","S","S","S","S","S","S","S","S","S","S","S","S","S","S","S","S","S","S","S"
32,"AHS",2017,"California","Housing Costs - All Occupied Units","NONE","NONE","25 to 29 percent",1388.2,"S","S","S","S","S","S","S","S","S","S","S","S","S","S","S","S","S","S","S","S","S","S","S","S","S","S","S","S","S","S","S","S","S","S","S","S","S","S","S","S","S","S","S","S","S","S","S","S","S","S","S","S","S","S","S","S","S","S","S","S","S","S"
33,"AHS",2017,"California","Housing Costs - All Occupied Units","NONE","NONE","30 to 34 percent",1070.0,"S","S","S","S","S","S","S","S","S","S","S","S","S","S","S","S","S","S","S","S","S","S","S","S","S","S","S","S","S","S","S","S","S","S","S","S","S","S","S","S","S","S","S","S","S","S","S","S","S","S","S","S","S","S","S","S","S","S","S","S","S","S"
34,"AHS",2017,"California","Housing Costs - All Occupied Units","NONE","NONE","35 to 39 percent",850.2,"S","S","S","S","S","S","S","S","S","S","S","S","S","S","S","S","S","S","S","S","S","S","S","S","S","S","S","S","S","S","S","S","S","S","S","S","S","S","S","S","S","S","S","S","S","S","S","S","S","S","S","S","S","S","S","S","S","S","S","S","S","S"
35,"AHS",2017,"California","Housing Costs - All Occupied Units","NONE","NONE","40 to 49 percent",1023.1,"S","S","S","S","S","S","S","S","S","S","S","S","S","S","S","S","S","S","S","S","S","S","S","S","S","S","S","S","S","S","S","S","S","S","S","S","S","S","S","S","S","S","S","S","S","S","S","S","S","S","S","S","S","S","S","S","S","S","S","S","S","S"
36,"AHS",2017,"California","Housing Costs - All Occupied Units","NONE","NONE","50 to 59 percent",705.3,"S","S","S","S","S","S","S","S","S","S","S","S","S","S","S","S","S","S","S","S","S","S","S","S","S","S","S","S","S","S","S","S","S","S","S","S","S","S","S","S","S","S","S","S","S","S","S","S","S","S","S","S","S","S","S","S","S","S","S","S","S","S"
37,"AHS",2017,"California","Housing Costs - All Occupied Units","NONE","NONE","60 to 69 percent",393.4,"S","S","S","S","S","S","S","S","S","S","S","S","S","S","S","S","S","S","S","S","S","S","S","S","S","S","S","S","S","S","S","S","S","S","S","S","S","S","S","S","S","S","S","S","S","S","S","S","S","S","S","S","S","S","S","S","S","S","S","S","S","S"
38,"AHS",2017,"California","Housing Costs - All Occupied Units","NONE","NONE","70 to 99 percent",643.1,"S","S","S","S","S","S","S","S","S","S","S","S","S","S","S","S","S","S","S","S","S","S","S","S","S","S","S","S","S","S","S","S","S","S","S","S","S","S","S","S","S","S","S","S","S","S","S","S","S","S","S","S","S","S","S","S","S","S","S","S","S","S"
39,"AHS",2017,"California","Housing Costs - All Occupied Units","NONE","NONE","100 percent or more",1002.2,"S","S","S","S","S","S","S","S","S","S","S","S","S","S","S","S","S","S","S","S","S","S","S","S","S","S","S","S","S","S","S","S","S","S","S","S","S","S","S","S","S","S","S","S","S","S","S","S","S","S","S","S","S","S","S","S","S","S","S","S","S","S"
40,"AHS",2017,"California","Housing Costs - All Occupied Units","NONE","NONE","Zero or negative income",243.7,"S","S","S","S","S","S","S","S","S","S","S","S","S","S","S","S","S","S","S","S","S","S","S","S","S","S","S","S","S","S","S","S","S","S","S","S","S","S","S","S","S","S","S","S","S","S","S","S","S","S","S","S","S","S","S","S","S","S","S","S","S","S"
41,"AHS",2017,"California","Housing Costs - All Occupied Units","NONE","NONE","No cash rent",126.1,"S","S","S","S","S","S","S","S","S","S","S","S","S","S","S","S","S","S","S","S","S","S","S","S","S","S","S","S","S","S","S","S","S","S","S","S","S","S","S","S","S","S","S","S","S","S","S","S","S","S","S","S","S","S","S","S","S","S","S","S","S","S"
42,"AHS",2017,"California","Housing Costs - All Occupied Units","NONE","NONE","Median (excludes 2 previous lines) (percent)",27.0,27.0,31.0,27.0,26.0,30.0,22.0,34.0,36.0,"S","S","S","S","S",27.0,29.0,31.0,28.0,25.0,"S","S",27.0,29.0,34.0,38.0,25.0,"S",20.0,26.0,27.0,30.0,"S",24.0,33.0,32.0,25.0,24.0,29.0,26.0,25.0,30.0,33.0,25.0,24.0,32.0,"S",26.0,"S",17.0,29.0,29.0,28.0,21.0,30.0,"S","S",32.0,30.0,38.0,"S",33.0,"S","S"
43,"AHS",2017,"California","Housing Costs - All Occupied Units","NONE","NONE","Median (excludes 3 lines before medians) (percent)",25.0,25.0,28.0,26.0,25.0,30.0,21.0,30.0,30.0,"S","S",31.0,"S","S",26.0,27.0,"S",28.0,25.0,"S","S",27.0,27.0,32.0,38.0,25.0,"S",20.0,26.0,26.0,25.0,24.0,23.0,33.0,32.0,24.0,22.0,25.0,25.0,25.0,30.0,31.0,22.0,22.0,29.0,"S",24.0,"S",17.0,27.0,27.0,28.0,21.0,29.0,"S","S",26.0,25.0,26.0,"S",29.0,"S","S"
44,"AHS",2017,"California","Housing Costs - All Occupied Units","NONE","NONE",,,,,,,,,,,,,,,,,,,,,,,,,,,,,,,,,,,,,,,,,,,,,,,,,,,,,,,,,,,,,,,,
45,"AHS",2017,"California","Housing Costs - All Occupied Units","NONE","NONE","Monthly Total Mortgage Amount",,,,,,,,,,,,,,,,,,,,,,,,,,,,,,,,,,,,,,,,,,,,,,,,,,,,,,,,,,,,,,,
46,"AHS",2017,"California","Housing Costs - All Occupied Units","NONE","NONE",,,,,,,,,,,,,,,,,,,,,,,,,,,,,,,,,,,,,,,,,,,,,,,,,,,,,,,,,,,,,,,,
47,"AHS",2017,"California","Housing Costs - All Occupied Units","NONE","NONE","Households with at least one regular mortgage",4593.6,3481.3,235.7,40.6,735.1,"S",77.5,24.1,"S","S","S","S","S","S",101.3,"S","S","S","S","S","S",306.4,"S","S","S","S","S","S",901.5,"S","S","S","S","S","S",1215.8,"S","S","S","S","S","S",1080.4,"S","S","S","S","S","S",719.7,"S","S","S","S","S","S",244.4,"S","S","S","S","S","S"
48,"AHS",2017,"California","Housing Costs - All Occupied Units","NONE","NONE","Less than $250",243.5,"S","S","S","S","S","S","S","S","S","S","S","S","S","S","S","S","S","S","S","S","S","S","S","S","S","S","S","S","S","S","S","S","S","S","S","S","S","S","S","S","S","S","S","S","S","S","S","S","S","S","S","S","S","S","S","S","S","S","S","S","S","S"
49,"AHS",2017,"California","Housing Costs - All Occupied Units","NONE","NONE","$250 to $499",190.6,"S","S","S","S","S","S","S","S","S","S","S","S","S","S","S","S","S","S","S","S","S","S","S","S","S","S","S","S","S","S","S","S","S","S","S","S","S","S","S","S","S","S","S","S","S","S","S","S","S","S","S","S","S","S","S","S","S","S","S","S","S","S"
50,"AHS",2017,"California","Housing Costs - All Occupied Units","NONE","NONE","$500 to $749",382.1,"S","S","S","S","S","S","S","S","S","S","S","S","S","S","S","S","S","S","S","S","S","S","S","S","S","S","S","S","S","S","S","S","S","S","S","S","S","S","S","S","S","S","S","S","S","S","S","S","S","S","S","S","S","S","S","S","S","S","S","S","S","S"
51,"AHS",2017,"California","Housing Costs - All Occupied Units","NONE","NONE","$750 to $999",527.5,"S","S","S","S","S","S","S","S","S","S","S","S","S","S","S","S","S","S","S","S","S","S","S","S","S","S","S","S","S","S","S","S","S","S","S","S","S","S","S","S","S","S","S","S","S","S","S","S","S","S","S","S","S","S","S","S","S","S","S","S","S","S"
52,"AHS",2017,"California","Housing Costs - All Occupied Units","NONE","NONE","$1,000 to $1,249",537.7,"S","S","S","S","S","S","S","S","S","S","S","S","S","S","S","S","S","S","S","S","S","S","S","S","S","S","S","S","S","S","S","S","S","S","S","S","S","S","S","S","S","S","S","S","S","S","S","S","S","S","S","S","S","S","S","S","S","S","S","S","S","S"
53,"AHS",2017,"California","Housing Costs - All Occupied Units","NONE","NONE","$1,250 to $1,499",490.5,"S","S","S","S","S","S","S","S","S","S","S","S","S","S","S","S","S","S","S","S","S","S","S","S","S","S","S","S","S","S","S","S","S","S","S","S","S","S","S","S","S","S","S","S","S","S","S","S","S","S","S","S","S","S","S","S","S","S","S","S","S","S"
54,"AHS",2017,"California","Housing Costs - All Occupied Units","NONE","NONE","$1,500 to $1,749",426.9,"S","S","S","S","S","S","S","S","S","S","S","S","S","S","S","S","S","S","S","S","S","S","S","S","S","S","S","S","S","S","S","S","S","S","S","S","S","S","S","S","S","S","S","S","S","S","S","S","S","S","S","S","S","S","S","S","S","S","S","S","S","S"
55,"AHS",2017,"California","Housing Costs - All Occupied Units","NONE","NONE","$1,750 to $1,999",358.3,"S","S","S","S","S","S","S","S","S","S","S","S","S","S","S","S","S","S","S","S","S","S","S","S","S","S","S","S","S","S","S","S","S","S","S","S","S","S","S","S","S","S","S","S","S","S","S","S","S","S","S","S","S","S","S","S","S","S","S","S","S","S"
56,"AHS",2017,"California","Housing Costs - All Occupied Units","NONE","NONE","$2,000 to $2,249",369.7,"S","S","S","S","S","S","S","S","S","S","S","S","S","S","S","S","S","S","S","S","S","S","S","S","S","S","S","S","S","S","S","S","S","S","S","S","S","S","S","S","S","S","S","S","S","S","S","S","S","S","S","S","S","S","S","S","S","S","S","S","S","S"
57,"AHS",2017,"California","Housing Costs - All Occupied Units","NONE","NONE","$2,250 to $2,499",225.6,"S","S","S","S","S","S","S","S","S","S","S","S","S","S","S","S","S","S","S","S","S","S","S","S","S","S","S","S","S","S","S","S","S","S","S","S","S","S","S","S","S","S","S","S","S","S","S","S","S","S","S","S","S","S","S","S","S","S","S","S","S","S"
58,"AHS",2017,"California","Housing Costs - All Occupied Units","NONE","NONE","$2,500 to $2,749",211.2,"S","S","S","S","S","S","S","S","S","S","S","S","S","S","S","S","S","S","S","S","S","S","S","S","S","S","S","S","S","S","S","S","S","S","S","S","S","S","S","S","S","S","S","S","S","S","S","S","S","S","S","S","S","S","S","S","S","S","S","S","S","S"
59,"AHS",2017,"California","Housing Costs - All Occupied Units","NONE","NONE","$2,750 to $2,999",132.6,"S","S","S","S","S","S","S","S","S","S","S","S","S","S","S","S","S","S","S","S","S","S","S","S","S","S","S","S","S","S","S","S","S","S","S","S","S","S","S","S","S","S","S","S","S","S","S","S","S","S","S","S","S","S","S","S","S","S","S","S","S","S"
60,"AHS",2017,"California","Housing Costs - All Occupied Units","NONE","NONE","$3,000 or more",497.4,"S","S","S","S","S","S","S","S","S","S","S","S","S","S","S","S","S","S","S","S","S","S","S","S","S","S","S","S","S","S","S","S","S","S","S","S","S","S","S","S","S","S","S","S","S","S","S","S","S","S","S","S","S","S","S","S","S","S","S","S","S","S"
61,"AHS",2017,"California","Housing Costs - All Occupied Units","NONE","NONE","Median (dollars)",1457.0,1400.0,1408.0,1300.0,1800.0,1328.0,1900.0,"S",937.0,".",".","S",".",".",1326.0,1253.0,".","S",1683.0,"S","S",1603.0,1504.0,"S","S",1959.0,"S","S",1696.0,1600.0,"S","S",1900.0,"S","S",1685.0,1592.0,1550.0,"S",2000.0,"S","S",1344.0,1328.0,1492.0,"S",1406.0,"S","S",1250.0,1283.0,"S","S",1200.0,"S","S",799.0,764.0,"S","S","S","S","S"
62,"AHS",2017,"California","Housing Costs - All Occupied Units","NONE","NONE",,,,,,,,,,,,,,,,,,,,,,,,,,,,,,,,,,,,,,,,,,,,,,,,,,,,,,,,,,,,,,,,
63,"AHS",2017,"California","Housing Costs - All Occupied Units","NONE","NONE","Monthly Mortgage Amount as Percent of Household Income",,,,,,,,,,,,,,,,,,,,,,,,,,,,,,,,,,,,,,,,,,,,,,,,,,,,,,,,,,,,,,,
64,"AHS",2017,"California","Housing Costs - All Occupied Units","NONE","NONE",,,,,,,,,,,,,,,,,,,,,,,,,,,,,,,,,,,,,,,,,,,,,,,,,,,,,,,,,,,,,,,,
65,"AHS",2017,"California","Housing Costs - All Occupied Units","NONE","NONE","Households with at least one regular mortgage",4593.6,3481.3,235.7,40.6,735.1,"S",77.5,24.1,"S","S","S","S","S","S",101.3,"S","S","S","S","S","S",306.4,"S","S","S","S","S","S",901.5,"S","S","S","S","S","S",1215.8,"S","S","S","S","S","S",1080.4,"S","S","S","S","S","S",719.7,"S","S","S","S","S","S",244.4,"S","S","S","S","S","S"
66,"AHS",2017,"California","Housing Costs - All Occupied Units","NONE","NONE","Less than 5 percent",318.9,"S","S","S","S","S","S","S","S","S","S","S","S","S","S","S","S","S","S","S","S","S","S","S","S","S","S","S","S","S","S","S","S","S","S","S","S","S","S","S","S","S","S","S","S","S","S","S","S","S","S","S","S","S","S","S","S","S","S","S","S","S","S"
67,"AHS",2017,"California","Housing Costs - All Occupied Units","NONE","NONE","5 to 9 percent",650.0,"S","S","S","S","S","S","S","S","S","S","S","S","S","S","S","S","S","S","S","S","S","S","S","S","S","S","S","S","S","S","S","S","S","S","S","S","S","S","S","S","S","S","S","S","S","S","S","S","S","S","S","S","S","S","S","S","S","S","S","S","S","S"
68,"AHS",2017,"California","Housing Costs - All Occupied Units","NONE","NONE","10 to 14 percent",1021.2,"S","S","S","S","S","S","S","S","S","S","S","S","S","S","S","S","S","S","S","S","S","S","S","S","S","S","S","S","S","S","S","S","S","S","S","S","S","S","S","S","S","S","S","S","S","S","S","S","S","S","S","S","S","S","S","S","S","S","S","S","S","S"
69,"AHS",2017,"California","Housing Costs - All Occupied Units","NONE","NONE","15 to 19 percent",867.9,"S","S","S","S","S","S","S","S","S","S","S","S","S","S","S","S","S","S","S","S","S","S","S","S","S","S","S","S","S","S","S","S","S","S","S","S","S","S","S","S","S","S","S","S","S","S","S","S","S","S","S","S","S","S","S","S","S","S","S","S","S","S"
70,"AHS",2017,"California","Housing Costs - All Occupied Units","NONE","NONE","20 to 24 percent",507.0,"S","S","S","S","S","S","S","S","S","S","S","S","S","S","S","S","S","S","S","S","S","S","S","S","S","S","S","S","S","S","S","S","S","S","S","S","S","S","S","S","S","S","S","S","S","S","S","S","S","S","S","S","S","S","S","S","S","S","S","S","S","S"
71,"AHS",2017,"California","Housing Costs - All Occupied Units","NONE","NONE","25 to 29 percent",327.1,"S","S","S","S","S","S","S","S","S","S","S","S","S","S","S","S","S","S","S","S","S","S","S","S","S","S","S","S","S","S","S","S","S","S","S","S","S","S","S","S","S","S","S","S","S","S","S","S","S","S","S","S","S","S","S","S","S","S","S","S","S","S"
72,"AHS",2017,"California","Housing Costs - All Occupied Units","NONE","NONE","30 to 34 percent",204.6,"S","S","S","S","S","S","S","S","S","S","S","S","S","S","S","S","S","S","S","S","S","S","S","S","S","S","S","S","S","S","S","S","S","S","S","S","S","S","S","S","S","S","S","S","S","S","S","S","S","S","S","S","S","S","S","S","S","S","S","S","S","S"
73,"AHS",2017,"California","Housing Costs - All Occupied Units","NONE","NONE","35 to 39 percent",121.1,"S","S","S","S","S","S","S","S","S","S","S","S","S","S","S","S","S","S","S","S","S","S","S","S","S","S","S","S","S","S","S","S","S","S","S","S","S","S","S","S","S","S","S","S","S","S","S","S","S","S","S","S","S","S","S","S","S","S","S","S","S","S"
74,"AHS",2017,"California","Housing Costs - All Occupied Units","NONE","NONE","40 to 49 percent",155.5,"S","S","S","S","S","S","S","S","S","S","S","S","S","S","S","S","S","S","S","S","S","S","S","S","S","S","S","S","S","S","S","S","S","S","S","S","S","S","S","S","S","S","S","S","S","S","S","S","S","S","S","S","S","S","S","S","S","S","S","S","S","S"
75,"AHS",2017,"California","Housing Costs - All Occupied Units","NONE","NONE","50 to 59 percent",95.5,"S","S","S","S","S","S","S","S","S","S","S","S","S","S","S","S","S","S","S","S","S","S","S","S","S","S","S","S","S","S","S","S","S","S","S","S","S","S","S","S","S","S","S","S","S","S","S","S","S","S","S","S","S","S","S","S","S","S","S","S","S","S"
76,"AHS",2017,"California","Housing Costs - All Occupied Units","NONE","NONE","60 to 69 percent",56.2,"S","S","S","S","S","S","S","S","S","S","S","S","S","S","S","S","S","S","S","S","S","S","S","S","S","S","S","S","S","S","S","S","S","S","S","S","S","S","S","S","S","S","S","S","S","S","S","S","S","S","S","S","S","S","S","S","S","S","S","S","S","S"
77,"AHS",2017,"California","Housing Costs - All Occupied Units","NONE","NONE","70 to 99 percent",58.8,"S","S","S","S","S","S","S","S","S","S","S","S","S","S","S","S","S","S","S","S","S","S","S","S","S","S","S","S","S","S","S","S","S","S","S","S","S","S","S","S","S","S","S","S","S","S","S","S","S","S","S","S","S","S","S","S","S","S","S","S","S","S"
78,"AHS",2017,"California","Housing Costs - All Occupied Units","NONE","NONE","100 percent or more",177.7,"S","S","S","S","S","S","S","S","S","S","S","S","S","S","S","S","S","S","S","S","S","S","S","S","S","S","S","S","S","S","S","S","S","S","S","S","S","S","S","S","S","S","S","S","S","S","S","S","S","S","S","S","S","S","S","S","S","S","S","S","S","S"
79,"AHS",2017,"California","Housing Costs - All Occupied Units","NONE","NONE","Zero or negative income",32.1,"S","S","S","S","S","S","S","S","S","S","S","S","S","S","S","S","S","S","S","S","S","S","S","S","S","S","S","S","S","S","S","S","S","S","S","S","S","S","S","S","S","S","S","S","S","S","S","S","S","S","S","S","S","S","S","S","S","S","S","S","S","S"
80,"AHS",2017,"California","Housing Costs - All Occupied Units","NONE","NONE",,,,,,,,,,,,,,,,,,,,,,,,,,,,,,,,,,,,,,,,,,,,,,,,,,,,,,,,,,,,,,,,
81,"AHS",2017,"California","Housing Costs - All Occupied Units","NONE","NONE","Monthly Cost Paid for Rent",,,,,,,,,,,,,,,,,,,,,,,,,,,,,,,,,,,,,,,,,,,,,,,,,,,,,,,,,,,,,,,
82,"AHS",2017,"California","Housing Costs - All Occupied Units","NONE","NONE",,,,,,,,,,,,,,,,,,,,,,,,,,,,,,,,,,,,,,,,,,,,,,,,,,,,,,,,,,,,,,,,
83,"AHS",2017,"California","Housing Costs - All Occupied Units","NONE","NONE","Rent paid",5840.2,4249.1,542.6,120.5,719.4,66.9,141.8,313.7,"S","S","S","S","S","S",678.1,"S","S","S","S","S","S",773.3,"S","S","S","S","S","S",1301.7,"S","S","S","S","S","S",1117.9,"S","S","S","S","S","S",818.7,"S","S","S","S","S","S",471.7,"S","S","S","S","S","S",365.3,"S","S","S","S","S","S"
84,"AHS",2017,"California","Housing Costs - All Occupied Units","NONE","NONE","Less than $250",285.3,"S","S","S","S","S","S","S","S","S","S","S","S","S","S","S","S","S","S","S","S","S","S","S","S","S","S","S","S","S","S","S","S","S","S","S","S","S","S","S","S","S","S","S","S","S","S","S","S","S","S","S","S","S","S","S","S","S","S","S","S","S","S"
85,"AHS",2017,"California","Housing Costs - All Occupied Units","NONE","NONE","$250 to $499",295.8,"S","S","S","S","S","S","S","S","S","S","S","S","S","S","S","S","S","S","S","S","S","S","S","S","S","S","S","S","S","S","S","S","S","S","S","S","S","S","S","S","S","S","S","S","S","S","S","S","S","S","S","S","S","S","S","S","S","S","S","S","S","S"
86,"AHS",2017,"California","Housing Costs - All Occupied Units","NONE","NONE","$500 to $749",507.2,"S","S","S","S","S","S","S","S","S","S","S","S","S","S","S","S","S","S","S","S","S","S","S","S","S","S","S","S","S","S","S","S","S","S","S","S","S","S","S","S","S","S","S","S","S","S","S","S","S","S","S","S","S","S","S","S","S","S","S","S","S","S"
87,"AHS",2017,"California","Housing Costs - All Occupied Units","NONE","NONE","$750 to $999",786.3,"S","S","S","S","S","S","S","S","S","S","S","S","S","S","S","S","S","S","S","S","S","S","S","S","S","S","S","S","S","S","S","S","S","S","S","S","S","S","S","S","S","S","S","S","S","S","S","S","S","S","S","S","S","S","S","S","S","S","S","S","S","S"
88,"AHS",2017,"California","Housing Costs - All Occupied Units","NONE","NONE","$1,000 to $1,249",795.3,"S","S","S","S","S","S","S","S","S","S","S","S","S","S","S","S","S","S","S","S","S","S","S","S","S","S","S","S","S","S","S","S","S","S","S","S","S","S","S","S","S","S","S","S","S","S","S","S","S","S","S","S","S","S","S","S","S","S","S","S","S","S"
89,"AHS",2017,"California","Housing Costs - All Occupied Units","NONE","NONE","$1,250 to $1,499",665.5,"S","S","S","S","S","S","S","S","S","S","S","S","S","S","S","S","S","S","S","S","S","S","S","S","S","S","S","S","S","S","S","S","S","S","S","S","S","S","S","S","S","S","S","S","S","S","S","S","S","S","S","S","S","S","S","S","S","S","S","S","S","S"
90,"AHS",2017,"California","Housing Costs - All Occupied Units","NONE","NONE","$1,500 to $1,749",687.2,"S","S","S","S","S","S","S","S","S","S","S","S","S","S","S","S","S","S","S","S","S","S","S","S","S","S","S","S","S","S","S","S","S","S","S","S","S","S","S","S","S","S","S","S","S","S","S","S","S","S","S","S","S","S","S","S","S","S","S","S","S","S"
91,"AHS",2017,"California","Housing Costs - All Occupied Units","NONE","NONE","$1,750 to $1,999",471.1,"S","S","S","S","S","S","S","S","S","S","S","S","S","S","S","S","S","S","S","S","S","S","S","S","S","S","S","S","S","S","S","S","S","S","S","S","S","S","S","S","S","S","S","S","S","S","S","S","S","S","S","S","S","S","S","S","S","S","S","S","S","S"
92,"AHS",2017,"California","Housing Costs - All Occupied Units","NONE","NONE","$2,000 to $2,249",422.3,"S","S","S","S","S","S","S","S","S","S","S","S","S","S","S","S","S","S","S","S","S","S","S","S","S","S","S","S","S","S","S","S","S","S","S","S","S","S","S","S","S","S","S","S","S","S","S","S","S","S","S","S","S","S","S","S","S","S","S","S","S","S"
93,"AHS",2017,"California","Housing Costs - All Occupied Units","NONE","NONE","$2,250 to $2,499",186.1,"S","S","S","S","S","S","S","S","S","S","S","S","S","S","S","S","S","S","S","S","S","S","S","S","S","S","S","S","S","S","S","S","S","S","S","S","S","S","S","S","S","S","S","S","S","S","S","S","S","S","S","S","S","S","S","S","S","S","S","S","S","S"
94,"AHS",2017,"California","Housing Costs - All Occupied Units","NONE","NONE","$2,500 to $2,999",314.9,"S","S","S","S","S","S","S","S","S","S","S","S","S","S","S","S","S","S","S","S","S","S","S","S","S","S","S","S","S","S","S","S","S","S","S","S","S","S","S","S","S","S","S","S","S","S","S","S","S","S","S","S","S","S","S","S","S","S","S","S","S","S"
95,"AHS",2017,"California","Housing Costs - All Occupied Units","NONE","NONE","$3,000 or more",423.3,"S","S","S","S","S","S","S","S","S","S","S","S","S","S","S","S","S","S","S","S","S","S","S","S","S","S","S","S","S","S","S","S","S","S","S","S","S","S","S","S","S","S","S","S","S","S","S","S","S","S","S","S","S","S","S","S","S","S","S","S","S","S"
96,"AHS",2017,"California","Housing Costs - All Occupied Units","NONE","NONE","Median (dollars)",1315.0,1300.0,1100.0,1095.0,1650.0,1600.0,1200.0,1455.0,1490.0,1106.0,"S","S","S","S",1400.0,1400.0,"S",1250.0,1700.0,"S","S",1595.0,1440.0,1200.0,1800.0,2000.0,"S",1800.0,1400.0,1400.0,1050.0,1000.0,1910.0,1600.0,1200.0,1300.0,1250.0,1200.0,1600.0,1500.0,"S",1020.0,1250.0,1260.0,1027.0,700.0,1600.0,"S","S",1010.0,1043.0,841.0,"S",1050.0,"S","S",1010.0,1083.0,"S","S","S","S","S"
97,"AHS",2017,"California","Housing Costs - All Occupied Units","NONE","NONE","",,,,,,,,,,,,,,,,,,,,,,,,,,,,,,,,,,,,,,,,,,,,,,,,,,,,,,,,,,,,,,,
98,"AHS",2017,"California","Housing Costs - All Occupied Units","NONE","NONE","Monthly Cost Paid for Real Estate Taxes",,,,,,,,,,,,,,,,,,,,,,,,,,,,,,,,,,,,,,,,,,,,,,,,,,,,,,,,,,,,,,,
99,"AHS",2017,"California","Housing Costs - All Occupied Units","NONE","NONE",,,,,,,,,,,,,,,,,,,,,,,,,,,,,,,,,,,,,,,,,,,,,,,,,,,,,,,,,,,,,,,,
100,"AHS",2017,"California","Housing Costs - All Occupied Units","NONE","NONE","Owner-occupied units",7210.4,5534.2,357.1,76.8,1105.3,37.1,100.0,46.4,"S","S","S","S","S","S",133.1,"S","S","S","S","S","S",380.6,"S","S","S","S","S","S",1141.0,"S","S","S","S","S","S",1644.7,"S","S","S","S","S","S",1678.7,"S","S","S","S","S","S",1304.7,"S","S","S","S","S","S",881.2,"S","S","S","S","S","S"
101,"AHS",2017,"California","Housing Costs - All Occupied Units","NONE","NONE","Less than $25",403.5,"S","S","S","S","S","S","S","S","S","S","S","S","S","S","S","S","S","S","S","S","S","S","S","S","S","S","S","S","S","S","S","S","S","S","S","S","S","S","S","S","S","S","S","S","S","S","S","S","S","S","S","S","S","S","S","S","S","S","S","S","S","S"
102,"AHS",2017,"California","Housing Costs - All Occupied Units","NONE","NONE","$25 to $74",567.2,"S","S","S","S","S","S","S","S","S","S","S","S","S","S","S","S","S","S","S","S","S","S","S","S","S","S","S","S","S","S","S","S","S","S","S","S","S","S","S","S","S","S","S","S","S","S","S","S","S","S","S","S","S","S","S","S","S","S","S","S","S","S"
103,"AHS",2017,"California","Housing Costs - All Occupied Units","NONE","NONE","$75 to $124",507.1,"S","S","S","S","S","S","S","S","S","S","S","S","S","S","S","S","S","S","S","S","S","S","S","S","S","S","S","S","S","S","S","S","S","S","S","S","S","S","S","S","S","S","S","S","S","S","S","S","S","S","S","S","S","S","S","S","S","S","S","S","S","S"
104,"AHS",2017,"California","Housing Costs - All Occupied Units","NONE","NONE","$125 to $174",695.9,"S","S","S","S","S","S","S","S","S","S","S","S","S","S","S","S","S","S","S","S","S","S","S","S","S","S","S","S","S","S","S","S","S","S","S","S","S","S","S","S","S","S","S","S","S","S","S","S","S","S","S","S","S","S","S","S","S","S","S","S","S","S"
105,"AHS",2017,"California","Housing Costs - All Occupied Units","NONE","NONE","$175 to $224",559.9,"S","S","S","S","S","S","S","S","S","S","S","S","S","S","S","S","S","S","S","S","S","S","S","S","S","S","S","S","S","S","S","S","S","S","S","S","S","S","S","S","S","S","S","S","S","S","S","S","S","S","S","S","S","S","S","S","S","S","S","S","S","S"
106,"AHS",2017,"California","Housing Costs - All Occupied Units","NONE","NONE","$225 to $274",695.2,"S","S","S","S","S","S","S","S","S","S","S","S","S","S","S","S","S","S","S","S","S","S","S","S","S","S","S","S","S","S","S","S","S","S","S","S","S","S","S","S","S","S","S","S","S","S","S","S","S","S","S","S","S","S","S","S","S","S","S","S","S","S"
107,"AHS",2017,"California","Housing Costs - All Occupied Units","NONE","NONE","$275 to $324",575.5,"S","S","S","S","S","S","S","S","S","S","S","S","S","S","S","S","S","S","S","S","S","S","S","S","S","S","S","S","S","S","S","S","S","S","S","S","S","S","S","S","S","S","S","S","S","S","S","S","S","S","S","S","S","S","S","S","S","S","S","S","S","S"
108,"AHS",2017,"California","Housing Costs - All Occupied Units","NONE","NONE","$325 to $374",479.7,"S","S","S","S","S","S","S","S","S","S","S","S","S","S","S","S","S","S","S","S","S","S","S","S","S","S","S","S","S","S","S","S","S","S","S","S","S","S","S","S","S","S","S","S","S","S","S","S","S","S","S","S","S","S","S","S","S","S","S","S","S","S"
109,"AHS",2017,"California","Housing Costs - All Occupied Units","NONE","NONE","$375 to $424",537.3,"S","S","S","S","S","S","S","S","S","S","S","S","S","S","S","S","S","S","S","S","S","S","S","S","S","S","S","S","S","S","S","S","S","S","S","S","S","S","S","S","S","S","S","S","S","S","S","S","S","S","S","S","S","S","S","S","S","S","S","S","S","S"
110,"AHS",2017,"California","Housing Costs - All Occupied Units","NONE","NONE","$425 to $474",247.4,"S","S","S","S","S","S","S","S","S","S","S","S","S","S","S","S","S","S","S","S","S","S","S","S","S","S","S","S","S","S","S","S","S","S","S","S","S","S","S","S","S","S","S","S","S","S","S","S","S","S","S","S","S","S","S","S","S","S","S","S","S","S"
111,"AHS",2017,"California","Housing Costs - All Occupied Units","NONE","NONE","$475 to $524",343.1,"S","S","S","S","S","S","S","S","S","S","S","S","S","S","S","S","S","S","S","S","S","S","S","S","S","S","S","S","S","S","S","S","S","S","S","S","S","S","S","S","S","S","S","S","S","S","S","S","S","S","S","S","S","S","S","S","S","S","S","S","S","S"
112,"AHS",2017,"California","Housing Costs - All Occupied Units","NONE","NONE","$525 or more",1598.5,"S","S","S","S","S","S","S","S","S","S","S","S","S","S","S","S","S","S","S","S","S","S","S","S","S","S","S","S","S","S","S","S","S","S","S","S","S","S","S","S","S","S","S","S","S","S","S","S","S","S","S","S","S","S","S","S","S","S","S","S","S","S"
113,"AHS",2017,"California","Housing Costs - All Occupied Units","NONE","NONE","Median (dollars)",300.0,250.0,250.0,150.0,400.0,300.0,350.0,"S","S",".",".","S","S",".",250.0,"S",".","S","S","S","S",300.0,250.0,"S","S",450.0,"S","S",350.0,300.0,250.0,"S",450.0,"S","S",350.0,300.0,"S","S",500.0,"S",550.0,300.0,300.0,300.0,"S",400.0,"S","S",250.0,250.0,200.0,"S",350.0,"S","S",200.0,"S","S","S",300.0,"S","S"
114,"AHS",2017,"California","Housing Costs - All Occupied Units","NONE","NONE",,,,,,,,,,,,,,,,,,,,,,,,,,,,,,,,,,,,,,,,,,,,,,,,,,,,,,,,,,,,,,,,
115,"AHS",2017,"California","Housing Costs - All Occupied Units","NONE","NONE","Monthly Cost Paid for Homeowner or Renter Insurance",,,,,,,,,,,,,,,,,,,,,,,,,,,,,,,,,,,,,,,,,,,,,,,,,,,,,,,,,,,,,,,
116,"AHS",2017,"California","Housing Costs - All Occupied Units","NONE","NONE",,,,,,,,,,,,,,,,,,,,,,,,,,,,,,,,,,,,,,,,,,,,,,,,,,,,,,,,,,,,,,,,
117,"AHS",2017,"California","Housing Costs - All Occupied Units","NONE","NONE","Property insurance paid",8888.1,6744.4,506.6,82.1,1328.3,67.1,159.6,155.9,"S","S","S","S","S","S",375.5,"S","S","S","S","S","S",672.9,"S","S","S","S","S","S",1570.3,"S","S","S","S","S","S",1965.8,"S","S","S","S","S","S",1843.5,"S","S","S","S","S","S",1389.9,"S","S","S","S","S","S",914.3,"S","S","S","S","S","S"
118,"AHS",2017,"California","Housing Costs - All Occupied Units","NONE","NONE","Less than $25",1548.0,1093.6,131.9,"S",233.7,"S","S","S","S","S","S","S","S","S","S","S","S","S","S","S","S","S","S","S","S","S","S","S","S","S","S","S","S","S","S","S","S","S","S","S","S","S","S","S","S","S","S","S","S","S","S","S","S","S","S","S","S","S","S","S","S","S","S"
119,"AHS",2017,"California","Housing Costs - All Occupied Units","NONE","NONE","$25 to $49",1315.8,1009.3,78.9,"S",174.1,"S","S","S","S","S","S","S","S","S","S","S","S","S","S","S","S","S","S","S","S","S","S","S","S","S","S","S","S","S","S","S","S","S","S","S","S","S","S","S","S","S","S","S","S","S","S","S","S","S","S","S","S","S","S","S","S","S","S"
120,"AHS",2017,"California","Housing Costs - All Occupied Units","NONE","NONE","$50 to $74",1639.2,1280.7,81.8,"S",221.0,"S","S","S","S","S","S","S","S","S","S","S","S","S","S","S","S","S","S","S","S","S","S","S","S","S","S","S","S","S","S","S","S","S","S","S","S","S","S","S","S","S","S","S","S","S","S","S","S","S","S","S","S","S","S","S","S","S","S"
121,"AHS",2017,"California","Housing Costs - All Occupied Units","NONE","NONE","$75 to $99",1083.5,818.3,43.7,"S",186.5,"S","S","S","S","S","S","S","S","S","S","S","S","S","S","S","S","S","S","S","S","S","S","S","S","S","S","S","S","S","S","S","S","S","S","S","S","S","S","S","S","S","S","S","S","S","S","S","S","S","S","S","S","S","S","S","S","S","S"
122,"AHS",2017,"California","Housing Costs - All Occupied Units","NONE","NONE","$100 to $149",1431.1,1097.5,88.1,"S",214.9,"S","S","S","S","S","S","S","S","S","S","S","S","S","S","S","S","S","S","S","S","S","S","S","S","S","S","S","S","S","S","S","S","S","S","S","S","S","S","S","S","S","S","S","S","S","S","S","S","S","S","S","S","S","S","S","S","S","S"
123,"AHS",2017,"California","Housing Costs - All Occupied Units","NONE","NONE","$150 to $199",642.8,504.2,32.4,"S",89.1,"S","S","S","S","S","S","S","S","S","S","S","S","S","S","S","S","S","S","S","S","S","S","S","S","S","S","S","S","S","S","S","S","S","S","S","S","S","S","S","S","S","S","S","S","S","S","S","S","S","S","S","S","S","S","S","S","S","S"
124,"AHS",2017,"California","Housing Costs - All Occupied Units","NONE","NONE","$200 or more",1227.7,940.8,49.9,"S",209.0,"S","S","S","S","S","S","S","S","S","S","S","S","S","S","S","S","S","S","S","S","S","S","S","S","S","S","S","S","S","S","S","S","S","S","S","S","S","S","S","S","S","S","S","S","S","S","S","S","S","S","S","S","S","S","S","S","S","S"
125,"AHS",2017,"California","Housing Costs - All Occupied Units","NONE","NONE","Median per month (dollars)",72.0,74.0,58.0,"S",75.0,"S",50.0,25.0,25.0,17.0,".","S","S","S",23.0,27.0,"S","S",17.0,"S","S",50.0,58.0,"S","S",37.0,"S","S",70.0,67.0,51.0,"S",83.0,"S",50.0,71.0,70.0,70.0,"S",83.0,"S","S",83.0,83.0,"S","S",83.0,"S","S",83.0,83.0,65.0,"S",83.0,"S","S",82.0,79.0,100.0,"S",83.0,"S","S"
126,"AHS",2017,"California","Housing Costs - All Occupied Units","NONE","NONE",,,,,,,,,,,,,,,,,,,,,,,,,,,,,,,,,,,,,,,,,,,,,,,,,,,,,,,,,,,,,,,,
127,"AHS",2017,"California","Housing Costs - All Occupied Units","NONE","NONE","Monthly Homeowner or Condominium Association Fee Amount",,,,,,,,,,,,,,,,,,,,,,,,,,,,,,,,,,,,,,,,,,,,,,,,,,,,,,,,,,,,,,,
128,"AHS",2017,"California","Housing Costs - All Occupied Units","NONE","NONE",,,,,,,,,,,,,,,,,,,,,,,,,,,,,,,,,,,,,,,,,,,,,,,,,,,,,,,,,,,,,,,,
129,"AHS",2017,"California","Housing Costs - All Occupied Units","NONE","NONE","Fee paid by owners",1705.5,1249.9,82.5,"S",331.2,"S","S","S","S","S","S","S","S","S",32.6,"S","S","S","S","S","S",96.3,"S","S","S","S","S","S",309.6,"S","S","S","S","S","S",392.1,"S","S","S","S","S","S",356.8,"S","S","S","S","S","S",302.1,"S","S","S","S","S","S",204.7,"S","S","S","S","S","S"
130,"AHS",2017,"California","Housing Costs - All Occupied Units","NONE","NONE","Less than $50",156.2,"S","S","S","S","S","S","S","S","S","S","S","S","S","S","S","S","S","S","S","S","S","S","S","S","S","S","S","S","S","S","S","S","S","S","S","S","S","S","S","S","S","S","S","S","S","S","S","S","S","S","S","S","S","S","S","S","S","S","S","S","S","S"
131,"AHS",2017,"California","Housing Costs - All Occupied Units","NONE","NONE","$50 to $99",261.5,"S","S","S","S","S","S","S","S","S","S","S","S","S","S","S","S","S","S","S","S","S","S","S","S","S","S","S","S","S","S","S","S","S","S","S","S","S","S","S","S","S","S","S","S","S","S","S","S","S","S","S","S","S","S","S","S","S","S","S","S","S","S"
132,"AHS",2017,"California","Housing Costs - All Occupied Units","NONE","NONE","$100 to $149",169.4,"S","S","S","S","S","S","S","S","S","S","S","S","S","S","S","S","S","S","S","S","S","S","S","S","S","S","S","S","S","S","S","S","S","S","S","S","S","S","S","S","S","S","S","S","S","S","S","S","S","S","S","S","S","S","S","S","S","S","S","S","S","S"
133,"AHS",2017,"California","Housing Costs - All Occupied Units","NONE","NONE","$150 to $199",156.6,"S","S","S","S","S","S","S","S","S","S","S","S","S","S","S","S","S","S","S","S","S","S","S","S","S","S","S","S","S","S","S","S","S","S","S","S","S","S","S","S","S","S","S","S","S","S","S","S","S","S","S","S","S","S","S","S","S","S","S","S","S","S"
134,"AHS",2017,"California","Housing Costs - All Occupied Units","NONE","NONE","$200 to $299",289.0,"S","S","S","S","S","S","S","S","S","S","S","S","S","S","S","S","S","S","S","S","S","S","S","S","S","S","S","S","S","S","S","S","S","S","S","S","S","S","S","S","S","S","S","S","S","S","S","S","S","S","S","S","S","S","S","S","S","S","S","S","S","S"
135,"AHS",2017,"California","Housing Costs - All Occupied Units","NONE","NONE","$300 to $499",312.7,"S","S","S","S","S","S","S","S","S","S","S","S","S","S","S","S","S","S","S","S","S","S","S","S","S","S","S","S","S","S","S","S","S","S","S","S","S","S","S","S","S","S","S","S","S","S","S","S","S","S","S","S","S","S","S","S","S","S","S","S","S","S"
136,"AHS",2017,"California","Housing Costs - All Occupied Units","NONE","NONE","$500 or more",122.5,"S","S","S","S","S","S","S","S","S","S","S","S","S","S","S","S","S","S","S","S","S","S","S","S","S","S","S","S","S","S","S","S","S","S","S","S","S","S","S","S","S","S","S","S","S","S","S","S","S","S","S","S","S","S","S","S","S","S","S","S","S","S"
137,"AHS",2017,"California","Housing Costs - All Occupied Units","NONE","NONE","Not reported",237.6,"S","S","S","S","S","S","S","S","S","S","S","S","S","S","S","S","S","S","S","S","S","S","S","S","S","S","S","S","S","S","S","S","S","S","S","S","S","S","S","S","S","S","S","S","S","S","S","S","S","S","S","S","S","S","S","S","S","S","S","S","S","S"
138,"AHS",2017,"California","Housing Costs - All Occupied Units","NONE","NONE","Median (dollars)",190.0,200.0,150.0,"S",170.0,"S","S","S","S",".",".","S",".",".",250.0,"S",".",".","S",".",".",215.0,"S","S",".",170.0,".","S",170.0,170.0,"S","S",200.0,"S","S",173.0,200.0,"S","S",101.0,"S","S",172.0,180.0,"S","S",150.0,"S",".",200.0,200.0,"S","S","S","S","S",250.0,250.0,"S",".","S",".","."
139,"AHS",2017,"California","Housing Costs - All Occupied Units","NONE","NONE","",,,,,,,,,,,,,,,,,,,,,,,,,,,,,,,,,,,,,,,,,,,,,,,,,,,,,,,,,,,,,,,
140,"AHS",2017,"California","Housing Costs - All Occupied Units","NONE","NONE","Monthly Cost Paid for Lot/Land Rent",,,,,,,,,,,,,,,,,,,,,,,,,,,,,,,,,,,,,,,,,,,,,,,,,,,,,,,,,,,,,,,
141,"AHS",2017,"California","Housing Costs - All Occupied Units","NONE","NONE",,,,,,,,,,,,,,,,,,,,,,,,,,,,,,,,,,,,,,,,,,,,,,,,,,,,,,,,,,,,,,,,
142,"AHS",2017,"California","Housing Costs - All Occupied Units","NONE","NONE","Fee paid by owners",282.3,"S","S","S","S","S","S","S","S","S","S","S","S","S","S","S","S","S","S","S","S","S","S","S","S","S","S","S","S","S","S","S","S","S","S","S","S","S","S","S","S","S","S","S","S","S","S","S","S","S","S","S","S","S","S","S","S","S","S","S","S","S","S"
143,"AHS",2017,"California","Housing Costs - All Occupied Units","NONE","NONE","Less than $100","S","S","S","S","S","S","S","S","S","S","S","S","S","S","S","S","S","S","S","S","S","S","S","S","S","S","S","S","S","S","S","S","S","S","S","S","S","S","S","S","S","S","S","S","S","S","S","S","S","S","S","S","S","S","S","S","S","S","S","S","S","S","S"
144,"AHS",2017,"California","Housing Costs - All Occupied Units","NONE","NONE","$100 to $199","S","S","S","S","S","S","S","S","S","S","S","S","S","S","S","S","S","S","S","S","S","S","S","S","S","S","S","S","S","S","S","S","S","S","S","S","S","S","S","S","S","S","S","S","S","S","S","S","S","S","S","S","S","S","S","S","S","S","S","S","S","S","S"
145,"AHS",2017,"California","Housing Costs - All Occupied Units","NONE","NONE","$200 to $299","S","S","S","S","S","S","S","S","S","S","S","S","S","S","S","S","S","S","S","S","S","S","S","S","S","S","S","S","S","S","S","S","S","S","S","S","S","S","S","S","S","S","S","S","S","S","S","S","S","S","S","S","S","S","S","S","S","S","S","S","S","S","S"
146,"AHS",2017,"California","Housing Costs - All Occupied Units","NONE","NONE","$300 to $499","S","S","S","S","S","S","S","S","S","S","S","S","S","S","S","S","S","S","S","S","S","S","S","S","S","S","S","S","S","S","S","S","S","S","S","S","S","S","S","S","S","S","S","S","S","S","S","S","S","S","S","S","S","S","S","S","S","S","S","S","S","S","S"
147,"AHS",2017,"California","Housing Costs - All Occupied Units","NONE","NONE","$500 or more","S","S","S","S","S","S","S","S","S","S","S","S","S","S","S","S","S","S","S","S","S","S","S","S","S","S","S","S","S","S","S","S","S","S","S","S","S","S","S","S","S","S","S","S","S","S","S","S","S","S","S","S","S","S","S","S","S","S","S","S","S","S","S"
148,"AHS",2017,"California","Housing Costs - All Occupied Units","NONE","NONE","Not reported","S","S","S","S","S","S","S","S","S","S","S","S","S","S","S","S","S","S","S","S","S","S","S","S","S","S","S","S","S","S","S","S","S","S","S","S","S","S","S","S","S","S","S","S","S","S","S","S","S","S","S","S","S","S","S","S","S","S","S","S","S","S","S"
149,"AHS",2017,"California","Housing Costs - All Occupied Units","NONE","NONE","Median (dollars)",620.0,600.0,"S","S","S","S",".","S","S",".",".",".",".",".","S","S",".",".",".",".",".","S","S",".",".","S",".",".",975.0,975.0,".","S",".",".",".",700.0,580.0,"S",".","S","S",".",600.0,628.0,"S",".",".",".",".",600.0,600.0,"S","S",".",".",".",600.0,600.0,".","S","S",".","."
150,"AHS",2017,"California","Housing Costs - All Occupied Units","NONE","NONE",,,,,,,,,,,,,,,,,,,,,,,,,,,,,,,,,,,,,,,,,,,,,,,,,,,,,,,,,,,,,,,,
151,"AHS",2017,"California","Housing Costs - All Occupied Units","NONE","NONE","Monthly Cost Paid for Utilities",,,,,,,,,,,,,,,,,,,,,,,,,,,,,,,,,,,,,,,,,,,,,,,,,,,,,,,,,,,,,,,
152,"AHS",2017,"California","Housing Costs - All Occupied Units","NONE","NONE",,,,,,,,,,,,,,,,,,,,,,,,,,,,,,,,,,,,,,,,,,,,,,,,,,,,,,,,,,,,,,,,
153,"AHS",2017,"California","Housing Costs - All Occupied Units","NONE","NONE","Utilities paid separately",12659.9,9523.4,863.4,187.2,1753.0,100.1,232.8,324.1,"S","S","S","S","S","S",757.7,"S","S","S","S","S","S",1128.9,"S","S","S","S","S","S",2393.4,"S","S","S","S","S","S",2712.3,"S","S","S","S","S","S",2439.6,"S","S","S","S","S","S",1758.2,"S","S","S","S","S","S",1145.6,"S","S","S","S","S","S"
154,"AHS",2017,"California","Housing Costs - All Occupied Units","NONE","NONE","Less than $50",486.5,360.9,49.6,"S",51.6,"S","S","S","S","S","S","S","S","S",34.3,"S","S","S","S","S","S",63.4,"S","S","S","S","S","S",78.0,"S","S","S","S","S","S",70.2,"S","S","S","S","S","S",78.0,"S","S","S","S","S","S",70.7,"S","S","S","S","S","S",68.8,"S","S","S","S","S","S"
155,"AHS",2017,"California","Housing Costs - All Occupied Units","NONE","NONE","$50 to $99",2185.6,1560.2,226.1,40.9,297.1,"S",42.5,118.3,"S","S","S","S","S","S",266.1,"S","S","S","S","S","S",277.5,"S","S","S","S","S","S",398.9,"S","S","S","S","S","S",390.5,"S","S","S","S","S","S",325.5,"S","S","S","S","S","S",254.8,"S","S","S","S","S","S",154.1,"S","S","S","S","S","S"
156,"AHS",2017,"California","Housing Costs - All Occupied Units","NONE","NONE","$100 to $149",1885.1,1430.6,132.8,"S",233.2,"S",45.4,75.4,"S","S","S","S","S","S",199.0,"S","S","S","S","S","S",184.8,"S","S","S","S","S","S",360.4,"S","S","S","S","S","S",343.8,"S","S","S","S","S","S",346.3,"S","S","S","S","S","S",233.8,"S","S","S","S","S","S",141.6,"S","S","S","S","S","S"
157,"AHS",2017,"California","Housing Costs - All Occupied Units","NONE","NONE","$150 to $199",1916.6,1484.8,136.3,"S",225.3,"S",33.7,35.5,"S","S","S","S","S","S",78.8,"S","S","S","S","S","S",222.2,"S","S","S","S","S","S",350.6,"S","S","S","S","S","S",441.3,"S","S","S","S","S","S",318.1,"S","S","S","S","S","S",276.3,"S","S","S","S","S","S",193.8,"S","S","S","S","S","S"
158,"AHS",2017,"California","Housing Costs - All Occupied Units","NONE","NONE","$200 to $249",1753.9,1341.8,66.6,"S",273.6,"S","S","S","S","S","S","S","S","S",51.4,"S","S","S","S","S","S",105.2,"S","S","S","S","S","S",356.3,"S","S","S","S","S","S",387.1,"S","S","S","S","S","S",372.9,"S","S","S","S","S","S",247.4,"S","S","S","S","S","S",199.5,"S","S","S","S","S","S"
159,"AHS",2017,"California","Housing Costs - All Occupied Units","NONE","NONE","$250 to $299",1640.2,1234.5,75.6,30.9,243.9,"S",40.5,"S","S","S","S","S","S","S",79.4,"S","S","S","S","S","S",133.5,"S","S","S","S","S","S",292.7,"S","S","S","S","S","S",359.7,"S","S","S","S","S","S",374.7,"S","S","S","S","S","S",238.1,"S","S","S","S","S","S",148.2,"S","S","S","S","S","S"
160,"AHS",2017,"California","Housing Costs - All Occupied Units","NONE","NONE","$300 to $399",1729.4,1306.5,98.6,"S",283.6,"S","S","S","S","S","S","S","S","S",34.3,"S","S","S","S","S","S",88.0,"S","S","S","S","S","S",348.0,"S","S","S","S","S","S",418.7,"S","S","S","S","S","S",379.6,"S","S","S","S","S","S",277.6,"S","S","S","S","S","S",171.0,"S","S","S","S","S","S"
161,"AHS",2017,"California","Housing Costs - All Occupied Units","NONE","NONE","$400 or more",1062.7,804.0,77.9,"S",144.8,"S","S","S","S","S","S","S","S","S","S","S","S","S","S","S","S",54.3,"S","S","S","S","S","S",208.4,"S","S","S","S","S","S",301.0,"S","S","S","S","S","S",244.6,"S","S","S","S","S","S",159.6,"S","S","S","S","S","S",68.7,"S","S","S","S","S","S"
162,"AHS",2017,"California","Housing Costs - All Occupied Units","NONE","NONE","Median (dollars)",196.0,197.0,162.0,176.0,213.0,178.0,193.0,106.0,107.0,90.0,"S",93.0,"S","S",113.0,111.0,96.0,"S",136.0,"S","S",157.0,155.0,"S","S",157.0,"S",196.0,201.0,202.0,163.0,"S",224.0,174.0,146.0,211.0,209.0,190.0,"S",239.0,182.0,242.0,219.0,221.0,147.0,"S",235.0,229.0,274.0,209.0,206.0,178.0,"S",223.0,"S",243.0,201.0,206.0,192.0,"S",163.0,"S","S"
163,"AHS",2017,"California","Housing Costs - All Occupied Units","NONE","NONE",,,,,,,,,,,,,,,,,,,,,,,,,,,,,,,,,,,,,,,,,,,,,,,,,,,,,,,,,,,,,,,,
164,"AHS",2017,"California","Housing Costs - All Occupied Units","NONE","NONE","Monthly Cost Paid for Electricity",,,,,,,,,,,,,,,,,,,,,,,,,,,,,,,,,,,,,,,,,,,,,,,,,,,,,,,,,,,,,,,
165,"AHS",2017,"California","Housing Costs - All Occupied Units","NONE","NONE",,,,,,,,,,,,,,,,,,,,,,,,,,,,,,,,,,,,,,,,,,,,,,,,,,,,,,,,,,,,,,,,
166,"AHS",2017,"California","Housing Costs - All Occupied Units","NONE","NONE","Electricity paid separately",12510.0,9404.0,853.3,184.3,1736.5,99.7,232.3,315.6,"S","S","S","S","S","S",745.2,"S","S","S","S","S","S",1116.2,"S","S","S","S","S","S",2377.2,"S","S","S","S","S","S",2677.4,"S","S","S","S","S","S",2419.2,"S","S","S","S","S","S",1732.9,"S","S","S","S","S","S",1126.3,"S","S","S","S","S","S"
167,"AHS",2017,"California","Housing Costs - All Occupied Units","NONE","NONE","Less than $25",165.2,"S","S","S","S","S","S","S","S","S","S","S","S","S","S","S","S","S","S","S","S","S","S","S","S","S","S","S","S","S","S","S","S","S","S","S","S","S","S","S","S","S","S","S","S","S","S","S","S","S","S","S","S","S","S","S","S","S","S","S","S","S","S"
168,"AHS",2017,"California","Housing Costs - All Occupied Units","NONE","NONE","$25 to $49",1664.1,"S","S","S","S","S","S","S","S","S","S","S","S","S","S","S","S","S","S","S","S","S","S","S","S","S","S","S","S","S","S","S","S","S","S","S","S","S","S","S","S","S","S","S","S","S","S","S","S","S","S","S","S","S","S","S","S","S","S","S","S","S","S"
169,"AHS",2017,"California","Housing Costs - All Occupied Units","NONE","NONE","$50 to $74",2729.7,"S","S","S","S","S","S","S","S","S","S","S","S","S","S","S","S","S","S","S","S","S","S","S","S","S","S","S","S","S","S","S","S","S","S","S","S","S","S","S","S","S","S","S","S","S","S","S","S","S","S","S","S","S","S","S","S","S","S","S","S","S","S"
170,"AHS",2017,"California","Housing Costs - All Occupied Units","NONE","NONE","$75 to $99",2319.5,"S","S","S","S","S","S","S","S","S","S","S","S","S","S","S","S","S","S","S","S","S","S","S","S","S","S","S","S","S","S","S","S","S","S","S","S","S","S","S","S","S","S","S","S","S","S","S","S","S","S","S","S","S","S","S","S","S","S","S","S","S","S"
171,"AHS",2017,"California","Housing Costs - All Occupied Units","NONE","NONE","$100 to $149",3089.7,"S","S","S","S","S","S","S","S","S","S","S","S","S","S","S","S","S","S","S","S","S","S","S","S","S","S","S","S","S","S","S","S","S","S","S","S","S","S","S","S","S","S","S","S","S","S","S","S","S","S","S","S","S","S","S","S","S","S","S","S","S","S"
172,"AHS",2017,"California","Housing Costs - All Occupied Units","NONE","NONE","$150 to $199",1423.8,"S","S","S","S","S","S","S","S","S","S","S","S","S","S","S","S","S","S","S","S","S","S","S","S","S","S","S","S","S","S","S","S","S","S","S","S","S","S","S","S","S","S","S","S","S","S","S","S","S","S","S","S","S","S","S","S","S","S","S","S","S","S"
173,"AHS",2017,"California","Housing Costs - All Occupied Units","NONE","NONE","$200 or more",1118.0,"S","S","S","S","S","S","S","S","S","S","S","S","S","S","S","S","S","S","S","S","S","S","S","S","S","S","S","S","S","S","S","S","S","S","S","S","S","S","S","S","S","S","S","S","S","S","S","S","S","S","S","S","S","S","S","S","S","S","S","S","S","S"
174,"AHS",2017,"California","Housing Costs - All Occupied Units","NONE","NONE","Median (dollars)",91.0,91.0,84.0,76.0,98.0,95.0,86.0,69.0,74.0,50.0,"S",67.0,"S","S",71.0,70.0,"S","S",75.0,"S","S",84.0,82.0,95.0,"S",86.0,"S",94.0,98.0,100.0,86.0,69.0,104.0,"S",82.0,100.0,100.0,103.0,57.0,105.0,"S",101.0,95.0,95.0,80.0,"S",104.0,111.0,115.0,90.0,91.0,74.0,125.0,92.0,"S",100.0,90.0,90.0,104.0,"S",83.0,"S","S"
175,"AHS",2017,"California","Housing Costs - All Occupied Units","NONE","NONE","Included in rent, other fee, or obtained free",631.9,459.1,52.7,"S",91.3,"S","S",47.7,"S","S","S","S","S","S",75.3,"S","S","S","S","S","S",53.2,"S","S","S","S","S","S",78.4,"S","S","S","S","S","S",97.7,"S","S","S","S","S","S",95.6,"S","S","S","S","S","S",55.0,"S","S","S","S","S","S",128.8,"S","S","S","S","S","S"
176,"AHS",2017,"California","Housing Costs - All Occupied Units","NONE","NONE",,,,,,,,,,,,,,,,,,,,,,,,,,,,,,,,,,,,,,,,,,,,,,,,,,,,,,,,,,,,,,,,
177,"AHS",2017,"California","Housing Costs - All Occupied Units","NONE","NONE","Monthly Cost Paid for Gas",,,,,,,,,,,,,,,,,,,,,,,,,,,,,,,,,,,,,,,,,,,,,,,,,,,,,,,,,,,,,,,
178,"AHS",2017,"California","Housing Costs - All Occupied Units","NONE","NONE",,,,,,,,,,,,,,,,,,,,,,,,,,,,,,,,,,,,,,,,,,,,,,,,,,,,,,,,,,,,,,,,
179,"AHS",2017,"California","Housing Costs - All Occupied Units","NONE","NONE","Gas paid separately",11326.8,8531.8,783.6,171.6,1553.4,77.7,208.6,269.8,"S","S","S","S","S","S",645.4,"S","S","S","S","S","S",953.7,"S","S","S","S","S","S",2142.9,"S","S","S","S","S","S",2529.4,"S","S","S","S","S","S",2230.7,"S","S","S","S","S","S",1577.8,"S","S","S","S","S","S",977.3,"S","S","S","S","S","S"
180,"AHS",2017,"California","Housing Costs - All Occupied Units","NONE","NONE","Less than $25",1977.2,"S","S","S","S","S","S","S","S","S","S","S","S","S","S","S","S","S","S","S","S","S","S","S","S","S","S","S","S","S","S","S","S","S","S","S","S","S","S","S","S","S","S","S","S","S","S","S","S","S","S","S","S","S","S","S","S","S","S","S","S","S","S"
181,"AHS",2017,"California","Housing Costs - All Occupied Units","NONE","NONE","$25 to $49",5214.0,"S","S","S","S","S","S","S","S","S","S","S","S","S","S","S","S","S","S","S","S","S","S","S","S","S","S","S","S","S","S","S","S","S","S","S","S","S","S","S","S","S","S","S","S","S","S","S","S","S","S","S","S","S","S","S","S","S","S","S","S","S","S"
182,"AHS",2017,"California","Housing Costs - All Occupied Units","NONE","NONE","$50 to $74",2784.7,"S","S","S","S","S","S","S","S","S","S","S","S","S","S","S","S","S","S","S","S","S","S","S","S","S","S","S","S","S","S","S","S","S","S","S","S","S","S","S","S","S","S","S","S","S","S","S","S","S","S","S","S","S","S","S","S","S","S","S","S","S","S"
183,"AHS",2017,"California","Housing Costs - All Occupied Units","NONE","NONE","$75 to $99",910.2,"S","S","S","S","S","S","S","S","S","S","S","S","S","S","S","S","S","S","S","S","S","S","S","S","S","S","S","S","S","S","S","S","S","S","S","S","S","S","S","S","S","S","S","S","S","S","S","S","S","S","S","S","S","S","S","S","S","S","S","S","S","S"
184,"AHS",2017,"California","Housing Costs - All Occupied Units","NONE","NONE","$100 to $149",339.4,"S","S","S","S","S","S","S","S","S","S","S","S","S","S","S","S","S","S","S","S","S","S","S","S","S","S","S","S","S","S","S","S","S","S","S","S","S","S","S","S","S","S","S","S","S","S","S","S","S","S","S","S","S","S","S","S","S","S","S","S","S","S"
185,"AHS",2017,"California","Housing Costs - All Occupied Units","NONE","NONE","$150 to $199",66.8,"S","S","S","S","S","S","S","S","S","S","S","S","S","S","S","S","S","S","S","S","S","S","S","S","S","S","S","S","S","S","S","S","S","S","S","S","S","S","S","S","S","S","S","S","S","S","S","S","S","S","S","S","S","S","S","S","S","S","S","S","S","S"
186,"AHS",2017,"California","Housing Costs - All Occupied Units","NONE","NONE","$200 or more",34.6,"S","S","S","S","S","S","S","S","S","S","S","S","S","S","S","S","S","S","S","S","S","S","S","S","S","S","S","S","S","S","S","S","S","S","S","S","S","S","S","S","S","S","S","S","S","S","S","S","S","S","S","S","S","S","S","S","S","S","S","S","S","S"
187,"AHS",2017,"California","Housing Costs - All Occupied Units","NONE","NONE","Median (dollars)",42.0,42.0,36.0,44.0,43.0,40.0,44.0,30.0,31.0,"S","S",32.0,"S","S",32.0,32.0,24.0,"S",30.0,"S","S",36.0,37.0,28.0,50.0,34.0,"S",52.0,43.0,43.0,34.0,"S",40.0,"S",45.0,43.0,42.0,42.0,45.0,46.0,"S",40.0,43.0,44.0,35.0,"S",44.0,"S",51.0,45.0,44.0,42.0,48.0,47.0,"S",49.0,44.0,44.0,42.0,"S",41.0,"S","S"
188,"AHS",2017,"California","Housing Costs - All Occupied Units","NONE","NONE","Included in rent, other fee, or obtained free",980.8,738.7,73.3,"S",133.0,"S","S",55.4,"S","S","S","S","S","S",109.0,"S","S","S","S","S","S",110.4,"S","S","S","S","S","S",147.3,"S","S","S","S","S","S",146.6,"S","S","S","S","S","S",171.3,"S","S","S","S","S","S",88.0,"S","S","S","S","S","S",152.8,"S","S","S","S","S","S"
189,"AHS",2017,"California","Housing Costs - All Occupied Units","NONE","NONE",,,,,,,,,,,,,,,,,,,,,,,,,,,,,,,,,,,,,,,,,,,,,,,,,,,,,,,,,,,,,,,,
190,"AHS",2017,"California","Housing Costs - All Occupied Units","NONE","NONE","Monthly Cost Paid for Fuel Oil",,,,,,,,,,,,,,,,,,,,,,,,,,,,,,,,,,,,,,,,,,,,,,,,,,,,,,,,,,,,,,,
191,"AHS",2017,"California","Housing Costs - All Occupied Units","NONE","NONE",,,,,,,,,,,,,,,,,,,,,,,,,,,,,,,,,,,,,,,,,,,,,,,,,,,,,,,,,,,,,,,,
192,"AHS",2017,"California","Housing Costs - All Occupied Units","NONE","NONE","Fuel oil paid separately",70.0,"S","S","S","S","S","S","S","S","S","S","S","S","S","S","S","S","S","S","S","S","S","S","S","S","S","S","S","S","S","S","S","S","S","S","S","S","S","S","S","S","S","S","S","S","S","S","S","S","S","S","S","S","S","S","S","S","S","S","S","S","S","S"
193,"AHS",2017,"California","Housing Costs - All Occupied Units","NONE","NONE","Less than $25","S","S","S","S","S","S","S","S","S","S","S","S","S","S","S","S","S","S","S","S","S","S","S","S","S","S","S","S","S","S","S","S","S","S","S","S","S","S","S","S","S","S","S","S","S","S","S","S","S","S","S","S","S","S","S","S","S","S","S","S","S","S","S"
194,"AHS",2017,"California","Housing Costs - All Occupied Units","NONE","NONE","$25 to $49","S","S","S","S","S","S","S","S","S","S","S","S","S","S","S","S","S","S","S","S","S","S","S","S","S","S","S","S","S","S","S","S","S","S","S","S","S","S","S","S","S","S","S","S","S","S","S","S","S","S","S","S","S","S","S","S","S","S","S","S","S","S","S"
195,"AHS",2017,"California","Housing Costs - All Occupied Units","NONE","NONE","$50 to $74","S","S","S","S","S","S","S","S","S","S","S","S","S","S","S","S","S","S","S","S","S","S","S","S","S","S","S","S","S","S","S","S","S","S","S","S","S","S","S","S","S","S","S","S","S","S","S","S","S","S","S","S","S","S","S","S","S","S","S","S","S","S","S"
196,"AHS",2017,"California","Housing Costs - All Occupied Units","NONE","NONE","$75 to $99","S","S","S","S","S","S","S","S","S","S","S","S","S","S","S","S","S","S","S","S","S","S","S","S","S","S","S","S","S","S","S","S","S","S","S","S","S","S","S","S","S","S","S","S","S","S","S","S","S","S","S","S","S","S","S","S","S","S","S","S","S","S","S"
197,"AHS",2017,"California","Housing Costs - All Occupied Units","NONE","NONE","$100 to $149","S","S","S","S","S","S","S","S","S","S","S","S","S","S","S","S","S","S","S","S","S","S","S","S","S","S","S","S","S","S","S","S","S","S","S","S","S","S","S","S","S","S","S","S","S","S","S","S","S","S","S","S","S","S","S","S","S","S","S","S","S","S","S"
198,"AHS",2017,"California","Housing Costs - All Occupied Units","NONE","NONE","$150 to $199","S","S","S","S","S","S","S","S","S","S","S","S","S","S","S","S","S","S","S","S","S","S","S","S","S","S","S","S","S","S","S","S","S","S","S","S","S","S","S","S","S","S","S","S","S","S","S","S","S","S","S","S","S","S","S","S","S","S","S","S","S","S","S"
199,"AHS",2017,"California","Housing Costs - All Occupied Units","NONE","NONE","$200 or more","S","S","S","S","S","S","S","S","S","S","S","S","S","S","S","S","S","S","S","S","S","S","S","S","S","S","S","S","S","S","S","S","S","S","S","S","S","S","S","S","S","S","S","S","S","S","S","S","S","S","S","S","S","S","S","S","S","S","S","S","S","S","S"
200,"AHS",2017,"California","Housing Costs - All Occupied Units","NONE","NONE","Median (dollars)",33.0,"S","S","S","S","S",".",".",".",".",".",".",".",".","S","S",".",".",".","S",".","S","S","S",".","S",".",".","S","S",".",".",".",".",".","S","S","S","S","S",".",".","S","S","S",".","S",".",".","S","S","S",".",".",".",".","S","S",".",".","S",".","."
201,"AHS",2017,"California","Housing Costs - All Occupied Units","NONE","NONE","Included in rent, other fee, or obtained free","S","S","S","S","S","S","S","S","S","S","S","S","S","S","S","S","S","S","S","S","S","S","S","S","S","S","S","S","S","S","S","S","S","S","S","S","S","S","S","S","S","S","S","S","S","S","S","S","S","S","S","S","S","S","S","S","S","S","S","S","S","S","S"
202,"AHS",2017,"California","Housing Costs - All Occupied Units","NONE","NONE",,,,,,,,,,,,,,,,,,,,,,,,,,,,,,,,,,,,,,,,,,,,,,,,,,,,,,,,,,,,,,,,
203,"AHS",2017,"California","Housing Costs - All Occupied Units","NONE","NONE","Monthly Cost Paid for Other Fuel",,,,,,,,,,,,,,,,,,,,,,,,,,,,,,,,,,,,,,,,,,,,,,,,,,,,,,,,,,,,,,,
204,"AHS",2017,"California","Housing Costs - All Occupied Units","NONE","NONE","",,,,,,,,,,,,,,,,,,,,,,,,,,,,,,,,,,,,,,,,,,,,,,,,,,,,,,,,,,,,,,,
205,"AHS",2017,"California","Housing Costs - All Occupied Units","NONE","NONE","Other fuel paid separately",380.6,331.6,"S","S","S",".","S","S","S","S","S","S","S","S","S","S","S","S","S","S","S","S","S","S","S","S","S","S",62.3,"S","S","S","S","S","S",102.9,"S","S","S","S","S","S",79.8,"S","S","S","S","S","S",48.9,"S","S","S","S","S","S",39.2,"S","S","S","S","S","S"
206,"AHS",2017,"California","Housing Costs - All Occupied Units","NONE","NONE","Less than $25","S","S","S","S","S","S","S","S","S","S","S","S","S","S","S","S","S","S","S","S","S","S","S","S","S","S","S","S","S","S","S","S","S","S","S","S","S","S","S","S","S","S","S","S","S","S","S","S","S","S","S","S","S","S","S","S","S","S","S","S","S","S","S"
207,"AHS",2017,"California","Housing Costs - All Occupied Units","NONE","NONE","$25 to $49","S","S","S","S","S","S","S","S","S","S","S","S","S","S","S","S","S","S","S","S","S","S","S","S","S","S","S","S","S","S","S","S","S","S","S","S","S","S","S","S","S","S","S","S","S","S","S","S","S","S","S","S","S","S","S","S","S","S","S","S","S","S","S"
208,"AHS",2017,"California","Housing Costs - All Occupied Units","NONE","NONE","$50 to $74","S","S","S","S","S","S","S","S","S","S","S","S","S","S","S","S","S","S","S","S","S","S","S","S","S","S","S","S","S","S","S","S","S","S","S","S","S","S","S","S","S","S","S","S","S","S","S","S","S","S","S","S","S","S","S","S","S","S","S","S","S","S","S"
209,"AHS",2017,"California","Housing Costs - All Occupied Units","NONE","NONE","$75 to $99","S","S","S","S","S","S","S","S","S","S","S","S","S","S","S","S","S","S","S","S","S","S","S","S","S","S","S","S","S","S","S","S","S","S","S","S","S","S","S","S","S","S","S","S","S","S","S","S","S","S","S","S","S","S","S","S","S","S","S","S","S","S","S"
210,"AHS",2017,"California","Housing Costs - All Occupied Units","NONE","NONE","$100 to $149","S","S","S","S","S","S","S","S","S","S","S","S","S","S","S","S","S","S","S","S","S","S","S","S","S","S","S","S","S","S","S","S","S","S","S","S","S","S","S","S","S","S","S","S","S","S","S","S","S","S","S","S","S","S","S","S","S","S","S","S","S","S","S"
211,"AHS",2017,"California","Housing Costs - All Occupied Units","NONE","NONE","$150 to $199","S","S","S","S","S","S","S","S","S","S","S","S","S","S","S","S","S","S","S","S","S","S","S","S","S","S","S","S","S","S","S","S","S","S","S","S","S","S","S","S","S","S","S","S","S","S","S","S","S","S","S","S","S","S","S","S","S","S","S","S","S","S","S"
212,"AHS",2017,"California","Housing Costs - All Occupied Units","NONE","NONE","$200 or more","S","S","S","S","S","S","S","S","S","S","S","S","S","S","S","S","S","S","S","S","S","S","S","S","S","S","S","S","S","S","S","S","S","S","S","S","S","S","S","S","S","S","S","S","S","S","S","S","S","S","S","S","S","S","S","S","S","S","S","S","S","S","S"
213,"AHS",2017,"California","Housing Costs - All Occupied Units","NONE","NONE","Median (dollars)","S","S","S","S","S",".","S","S","S",".",".",".",".",".","S","S","S",".",".",".",".",4.0,"S","S","S","S",".",".","S","S","S",".","S",".","S","S","S","S",".","S",".","S","S",21.0,".","S","S",".","S","S","S","S","S","S",".",".",25.0,25.0,"S",".",".",".","."
214,"AHS",2017,"California","Housing Costs - All Occupied Units","NONE","NONE","Included in rent, other fee, or obtained free",408.7,"S","S","S","S","S","S","S","S","S","S","S","S","S","S","S","S","S","S","S","S","S","S","S","S","S","S","S",64.9,"S","S","S","S","S","S",109.8,"S","S","S","S","S","S",88.0,"S","S","S","S","S","S",64.4,"S","S","S","S","S","S",51.9,"S","S","S","S","S","S"
215,"AHS",2017,"California","Housing Costs - All Occupied Units","NONE","NONE",,,,,,,,,,,,,,,,,,,,,,,,,,,,,,,,,,,,,,,,,,,,,,,,,,,,,,,,,,,,,,,,
216,"AHS",2017,"California","Housing Costs - All Occupied Units","NONE","NONE","Monthly Cost Paid for Trash Collection",,,,,,,,,,,,,,,,,,,,,,,,,,,,,,,,,,,,,,,,,,,,,,,,,,,,,,,,,,,,,,,
217,"AHS",2017,"California","Housing Costs - All Occupied Units","NONE","NONE",,,,,,,,,,,,,,,,,,,,,,,,,,,,,,,,,,,,,,,,,,,,,,,,,,,,,,,,,,,,,,,,
218,"AHS",2017,"California","Housing Costs - All Occupied Units","NONE","NONE","Trash collection paid separately",6910.4,5276.8,372.9,83.5,1021.0,49.1,107.1,100.5,"S","S","S","S","S","S",237.2,"S","S","S","S","S","S",506.2,"S","S","S","S","S","S",1243.8,"S","S","S","S","S","S",1579.9,"S","S","S","S","S","S",1503.0,"S","S","S","S","S","S",1066.6,"S","S","S","S","S","S",673.2,"S","S","S","S","S","S"
219,"AHS",2017,"California","Housing Costs - All Occupied Units","NONE","NONE","Less than $25",1985.9,"S","S","S","S","S","S","S","S","S","S","S","S","S","S","S","S","S","S","S","S","S","S","S","S","S","S","S","S","S","S","S","S","S","S","S","S","S","S","S","S","S","S","S","S","S","S","S","S","S","S","S","S","S","S","S","S","S","S","S","S","S","S"
220,"AHS",2017,"California","Housing Costs - All Occupied Units","NONE","NONE","$25 to $49",2563.9,"S","S","S","S","S","S","S","S","S","S","S","S","S","S","S","S","S","S","S","S","S","S","S","S","S","S","S","S","S","S","S","S","S","S","S","S","S","S","S","S","S","S","S","S","S","S","S","S","S","S","S","S","S","S","S","S","S","S","S","S","S","S"
221,"AHS",2017,"California","Housing Costs - All Occupied Units","NONE","NONE","$50 to $74",1021.8,"S","S","S","S","S","S","S","S","S","S","S","S","S","S","S","S","S","S","S","S","S","S","S","S","S","S","S","S","S","S","S","S","S","S","S","S","S","S","S","S","S","S","S","S","S","S","S","S","S","S","S","S","S","S","S","S","S","S","S","S","S","S"
222,"AHS",2017,"California","Housing Costs - All Occupied Units","NONE","NONE","$75 to $99",440.7,"S","S","S","S","S","S","S","S","S","S","S","S","S","S","S","S","S","S","S","S","S","S","S","S","S","S","S","S","S","S","S","S","S","S","S","S","S","S","S","S","S","S","S","S","S","S","S","S","S","S","S","S","S","S","S","S","S","S","S","S","S","S"
223,"AHS",2017,"California","Housing Costs - All Occupied Units","NONE","NONE","$100 to $149",622.9,"S","S","S","S","S","S","S","S","S","S","S","S","S","S","S","S","S","S","S","S","S","S","S","S","S","S","S","S","S","S","S","S","S","S","S","S","S","S","S","S","S","S","S","S","S","S","S","S","S","S","S","S","S","S","S","S","S","S","S","S","S","S"
224,"AHS",2017,"California","Housing Costs - All Occupied Units","NONE","NONE","$150 to $199",160.6,"S","S","S","S","S","S","S","S","S","S","S","S","S","S","S","S","S","S","S","S","S","S","S","S","S","S","S","S","S","S","S","S","S","S","S","S","S","S","S","S","S","S","S","S","S","S","S","S","S","S","S","S","S","S","S","S","S","S","S","S","S","S"
225,"AHS",2017,"California","Housing Costs - All Occupied Units","NONE","NONE","$200 or more",114.8,"S","S","S","S","S","S","S","S","S","S","S","S","S","S","S","S","S","S","S","S","S","S","S","S","S","S","S","S","S","S","S","S","S","S","S","S","S","S","S","S","S","S","S","S","S","S","S","S","S","S","S","S","S","S","S","S","S","S","S","S","S","S"
226,"AHS",2017,"California","Housing Costs - All Occupied Units","NONE","NONE","Median (dollars)",33.0,33.0,33.0,35.0,33.0,50.0,44.0,20.0,20.0,"S","S","S","S","S",30.0,33.0,"S","S",30.0,"S","S",30.0,33.0,"S","S",30.0,"S","S",33.0,33.0,33.0,"S",40.0,"S","S",33.0,33.0,29.0,"S",36.0,"S","S",35.0,33.0,30.0,"S",35.0,"S","S",35.0,33.0,"S","S",33.0,"S","S",34.0,33.0,37.0,"S","S","S","S"
227,"AHS",2017,"California","Housing Costs - All Occupied Units","NONE","NONE","Included in rent, other fee, or obtained free",6156.7,4534.3,520.6,108.6,804.2,54.9,134.1,259.5,"S","S","S","S","S","S",581.8,"S","S","S","S","S","S",651.8,"S","S","S","S","S","S",1206.9,"S","S","S","S","S","S",1178.1,"S","S","S","S","S","S",991.0,"S","S","S","S","S","S",714.1,"S","S","S","S","S","S",573.6,"S","S","S","S","S","S"
228,"AHS",2017,"California","Housing Costs - All Occupied Units","NONE","NONE",,,,,,,,,,,,,,,,,,,,,,,,,,,,,,,,,,,,,,,,,,,,,,,,,,,,,,,,,,,,,,,,
229,"AHS",2017,"California","Housing Costs - All Occupied Units","NONE","NONE","Monthly Cost Paid for Water",,,,,,,,,,,,,,,,,,,,,,,,,,,,,,,,,,,,,,,,,,,,,,,,,,,,,,,,,,,,,,,
230,"AHS",2017,"California","Housing Costs - All Occupied Units","NONE","NONE","",,,,,,,,,,,,,,,,,,,,,,,,,,,,,,,,,,,,,,,,,,,,,,,,,,,,,,,,,,,,,,,
231,"AHS",2017,"California","Housing Costs - All Occupied Units","NONE","NONE","Water paid separately",6110.5,4662.2,352.5,61.5,902.8,42.3,89.1,84.5,"S","S","S","S","S","S",238.0,"S","S","S","S","S","S",452.8,"S","S","S","S","S","S",1165.0,"S","S","S","S","S","S",1395.5,"S","S","S","S","S","S",1291.4,"S","S","S","S","S","S",926.2,"S","S","S","S","S","S",557.0,"S","S","S","S","S","S"
232,"AHS",2017,"California","Housing Costs - All Occupied Units","NONE","NONE","Less than $25",677.1,"S","S","S","S","S","S","S","S","S","S","S","S","S","S","S","S","S","S","S","S","S","S","S","S","S","S","S","S","S","S","S","S","S","S","S","S","S","S","S","S","S","S","S","S","S","S","S","S","S","S","S","S","S","S","S","S","S","S","S","S","S","S"
233,"AHS",2017,"California","Housing Costs - All Occupied Units","NONE","NONE","$25 to $49",1377.6,"S","S","S","S","S","S","S","S","S","S","S","S","S","S","S","S","S","S","S","S","S","S","S","S","S","S","S","S","S","S","S","S","S","S","S","S","S","S","S","S","S","S","S","S","S","S","S","S","S","S","S","S","S","S","S","S","S","S","S","S","S","S"
234,"AHS",2017,"California","Housing Costs - All Occupied Units","NONE","NONE","$50 to $74",1426.5,"S","S","S","S","S","S","S","S","S","S","S","S","S","S","S","S","S","S","S","S","S","S","S","S","S","S","S","S","S","S","S","S","S","S","S","S","S","S","S","S","S","S","S","S","S","S","S","S","S","S","S","S","S","S","S","S","S","S","S","S","S","S"
235,"AHS",2017,"California","Housing Costs - All Occupied Units","NONE","NONE","$75 to $99",831.0,"S","S","S","S","S","S","S","S","S","S","S","S","S","S","S","S","S","S","S","S","S","S","S","S","S","S","S","S","S","S","S","S","S","S","S","S","S","S","S","S","S","S","S","S","S","S","S","S","S","S","S","S","S","S","S","S","S","S","S","S","S","S"
236,"AHS",2017,"California","Housing Costs - All Occupied Units","NONE","NONE","$100 to $149",1151.3,"S","S","S","S","S","S","S","S","S","S","S","S","S","S","S","S","S","S","S","S","S","S","S","S","S","S","S","S","S","S","S","S","S","S","S","S","S","S","S","S","S","S","S","S","S","S","S","S","S","S","S","S","S","S","S","S","S","S","S","S","S","S"
237,"AHS",2017,"California","Housing Costs - All Occupied Units","NONE","NONE","$150 to $199",302.6,"S","S","S","S","S","S","S","S","S","S","S","S","S","S","S","S","S","S","S","S","S","S","S","S","S","S","S","S","S","S","S","S","S","S","S","S","S","S","S","S","S","S","S","S","S","S","S","S","S","S","S","S","S","S","S","S","S","S","S","S","S","S"
238,"AHS",2017,"California","Housing Costs - All Occupied Units","NONE","NONE","$200 or more",344.3,"S","S","S","S","S","S","S","S","S","S","S","S","S","S","S","S","S","S","S","S","S","S","S","S","S","S","S","S","S","S","S","S","S","S","S","S","S","S","S","S","S","S","S","S","S","S","S","S","S","S","S","S","S","S","S","S","S","S","S","S","S","S"
239,"AHS",2017,"California","Housing Costs - All Occupied Units","NONE","NONE","Median (dollars)",63.0,64.0,60.0,65.0,60.0,75.0,70.0,"S","S","S",".","S","S","S",50.0,50.0,"S","S",47.0,"S","S",60.0,60.0,"S","S",50.0,"S","S",65.0,64.0,80.0,"S",60.0,"S","S",67.0,67.0,58.0,"S",60.0,"S",88.0,67.0,67.0,60.0,75.0,75.0,"S","S",60.0,60.0,"S","S",55.0,"S","S",60.0,60.0,"S","S",60.0,"S","S"
240,"AHS",2017,"California","Housing Costs - All Occupied Units","NONE","NONE","Included in rent, other fee, or obtained free",7037.8,5203.3,554.6,139.7,925.7,61.7,152.7,279.4,"S","S","S","S","S","S",582.5,"S","S","S","S","S","S",714.6,"S","S","S","S","S","S",1296.0,"S","S","S","S","S","S",1380.6,"S","S","S","S","S","S",1227.2,"S","S","S","S","S","S",866.2,"S","S","S","S","S","S",691.2,"S","S","S","S","S","S"

